-1.65000,0.00000,0.000000
-1.55000,0.00000,0.000000
-1.45000,0.00000,0.000000
-1.35000,0.00000,0.000000
-1.25000,0.00000,0.000000
-1.15000,0.00000,0.000000
-1.05000,0.00000,0.000000
-0.95000,0.00000,0.000000
-0.85000,0.00000,0.000000
-0.75000,0.00000,0.000000
-0.65000,0.00000,0.000000
-0.55000,0.00000,0.000000
-0.45000,0.00000,0.000000
-0.35000,0.00000,0.000000
-0.25000,0.00000,0.000000
-0.15000,0.00000,0.000000
-0.05000,0.00000,0.000000
0.05000,0.00000,0.000000
0.15000,0.00000,0.000000
0.25000,0.00000,0.000000
0.35000,0.00000,0.000000
0.45000,0.00000,0.000000
0.55000,0.00000,0.000000
0.65000,0.00000,0.000000
0.75000,0.00000,0.000000
0.85000,0.00000,0.000000
0.95000,0.00000,0.000000
1.05000,0.00000,0.000000
1.15000,0.00000,0.000000
1.25000,0.00000,0.000000
1.35000,0.00000,0.000000
1.45000,0.00000,0.000000
1.55000,0.00000,0.000000
1.65000,0.00000,0.000000
1.75000,0.00000,0.000000
1.85000,0.00000,0.000000
1.95000,0.00000,0.000000
2.05000,0.00000,0.000000
2.15000,0.00000,0.000000
2.25000,0.00000,0.000000
2.35000,0.00000,0.000000
2.45000,0.00000,0.000000
2.55000,0.00000,0.000000
2.65000,0.00000,0.000000
2.75000,0.00000,0.000000
2.85000,0.00000,0.000000
2.95000,0.00000,0.000000
3.05000,0.00000,0.000000
3.15000,0.00000,0.000000
3.25000,0.00000,0.000000
3.35000,0.00000,0.000000
3.45000,0.00000,0.000000
3.55000,0.00000,0.000000
3.65000,0.00000,0.000000
3.75000,0.00000,0.000000
3.85000,0.00000,0.000000
3.95000,0.00000,0.000000
4.05000,0.00000,0.000000
4.15000,0.00000,0.000000
4.25000,0.00000,0.000000
4.35000,0.00000,0.000000
4.45000,0.00000,0.000000
4.55000,0.00000,0.000000
4.65000,0.00000,0.000000
4.75000,0.00000,0.000000
4.85000,0.00000,0.000000
4.95000,0.00000,0.000000
5.05000,0.00000,0.000000
5.15000,0.00000,0.000000
5.25000,0.00000,0.000000
5.35000,0.00000,0.000000
5.45000,0.00000,0.000000
5.55000,0.00000,0.000000
5.65000,0.00000,0.000000
5.75000,0.00000,0.000000
5.85000,0.00000,0.000000
5.95000,0.00000,0.000000
6.05000,0.00000,0.000000
6.15000,0.00000,0.000000
6.25000,0.00000,0.000000
6.35000,0.00000,0.000000
6.45000,0.00000,0.000000
6.55000,0.00000,0.000000
6.65000,0.00000,0.000000
6.75000,0.00000,0.000000
6.85000,0.00000,0.000000
6.95000,0.00000,0.000000
7.05000,0.00000,0.000000
7.15000,0.00000,0.000000
7.25000,0.00000,0.000000
7.35000,0.00000,0.000000
7.45000,0.00000,0.000000
7.55000,0.00000,0.000000
7.65000,0.00000,0.000000
7.75000,0.00000,0.000000
7.85000,0.00000,0.000000
7.95000,0.00000,0.000000
8.05000,0.00000,0.000000
8.15000,0.00000,0.000000
8.25000,0.00000,0.000000
8.35000,0.00000,0.000000
8.45000,0.00000,0.000000
8.55000,0.00000,0.000000
8.65000,0.00000,0.000000
8.75000,0.00000,0.000000
8.85000,0.00000,0.000000
8.95000,0.00000,0.000000
9.05000,0.00000,0.000000
9.15000,0.00000,0.000000
9.25000,0.00000,0.000000
9.35000,0.00000,0.000000
9.45000,0.00000,0.000000
9.55000,0.00000,0.000000
9.65000,0.00000,0.000000
9.75000,0.00000,0.000000
9.85000,0.00000,0.000000
9.95000,0.00000,0.000000
10.05000,0.00000,0.000000
10.15000,0.00000,0.000000
10.25000,0.00000,0.000000
10.35000,0.00000,0.000000
10.45000,0.00000,0.000000
10.55000,0.00000,0.000000
10.65000,0.00000,0.000000
10.75000,0.00000,0.000000
10.85000,0.00000,0.000000
10.95000,0.00000,0.000000
11.05000,0.00000,0.000000
11.15000,0.00000,0.000000
11.25000,0.00000,0.000000
11.35000,0.00000,0.000000
11.45000,0.00000,0.000000
11.55000,0.00000,0.000000
11.65000,0.00000,0.000000
11.75000,0.00000,0.000000
11.85000,0.00000,0.000000
11.95000,0.00000,0.000000
12.05000,0.00000,0.000000
12.15000,0.00000,0.000000
12.25000,0.00000,0.000000
12.35000,0.00000,0.000000
12.45000,0.00000,0.000000
12.55000,0.00000,0.000000
12.65000,0.00000,0.000000
12.75000,0.00000,0.000000
12.85000,0.00000,0.000000
12.95000,0.00000,0.000000
13.05000,0.00000,0.000000
13.15000,0.00000,0.000000
13.25000,0.00000,0.000000
13.35000,0.00000,0.000000
13.45000,0.00000,0.000000
13.55000,0.00000,0.000000
13.65000,0.00000,0.000000
13.75000,0.00000,0.000000
13.85000,0.00000,0.000000
13.95000,0.00000,0.000000
14.05000,0.00000,0.000000
14.15000,0.00000,0.000000
14.25000,0.00000,0.000000
14.35000,0.00000,0.000000
14.45000,0.00000,0.000000
14.55000,0.00000,0.000000
14.65000,0.00000,0.000000
14.75000,0.00000,0.000000
14.85000,0.00000,0.000000
14.95000,0.00000,0.000000
15.05000,-0.00011,0.000000
15.15000,-0.00088,-0.109589
15.24998,-0.00274,-0.109589
15.34993,-0.00570,-0.109589
15.44985,-0.00975,-0.109589
15.54972,-0.01490,-0.109589
15.64952,-0.02114,-0.109589
15.74925,-0.02848,-0.109589
15.84889,-0.03691,-0.109589
15.94844,-0.04642,-0.109589
16.04787,-0.05703,-0.109589
16.14718,-0.06873,-0.109589
16.24636,-0.08152,-0.109589
16.34539,-0.09540,-0.109589
16.44427,-0.11035,-0.109589
16.54297,-0.12639,-0.109589
16.64150,-0.14351,-0.109589
16.73982,-0.16171,-0.109589
16.83795,-0.18099,-0.109589
16.93586,-0.20133,-0.109589
17.03353,-0.22275,-0.109589
17.13097,-0.24524,-0.109589
17.22815,-0.26881,-0.109589
17.32508,-0.29342,-0.109589
17.42172,-0.31910,-0.109589
17.51808,-0.34584,-0.109589
17.61414,-0.37364,-0.109589
17.70989,-0.40248,-0.109589
17.80531,-0.43237,-0.109589
17.90041,-0.46331,-0.109589
17.99516,-0.49528,-0.109589
18.08955,-0.52829,-0.109589
18.18358,-0.56234,-0.109589
18.27722,-0.59742,-0.109589
18.37048,-0.63352,-0.109589
18.46333,-0.67063,-0.109589
18.55578,-0.70877,-0.109589
18.64780,-0.74790,-0.109589
18.73938,-0.78806,-0.109589
18.83052,-0.82921,-0.109589
18.92121,-0.87135,-0.109589
19.01142,-0.91449,-0.109589
19.10116,-0.95862,-0.109589
19.19041,-1.00372,-0.109589
19.27916,-1.04980,-0.109589
19.36739,-1.09685,-0.109589
19.45511,-1.14487,-0.109589
19.54230,-1.19383,-0.109589
19.62894,-1.24376,-0.109589
19.71504,-1.29464,-0.109589
19.80057,-1.34645,-0.109589
19.88552,-1.39919,-0.109589
19.96990,-1.45287,-0.109589
20.05368,-1.50746,-0.109589
20.13685,-1.56297,-0.109589
20.21942,-1.61939,-0.109589
20.30136,-1.67672,-0.109589
20.38267,-1.73493,-0.109589
20.46333,-1.79403,-0.109589
20.54334,-1.85401,-0.109589
20.62269,-1.91487,-0.109589
20.70137,-1.97659,-0.109589
20.77937,-2.03917,-0.109589
20.85668,-2.10260,-0.109589
20.93328,-2.16687,-0.109589
21.00918,-2.23198,-0.109589
21.08436,-2.29792,-0.109589
21.15881,-2.36468,-0.109589
21.23253,-2.43225,-0.109589
21.30550,-2.50062,-0.109589
21.37772,-2.56979,-0.109589
21.44918,-2.63975,-0.109589
21.51986,-2.71048,-0.109589
21.58977,-2.78199,-0.109589
21.65888,-2.85426,-0.109589
21.72721,-2.92728,-0.109589
21.79472,-3.00104,-0.109589
21.86143,-3.07554,-0.109589
21.92731,-3.15077,-0.109589
21.99237,-3.22672,-0.109589
22.05659,-3.30337,-0.109589
22.11996,-3.38072,-0.109589
22.18249,-3.45876,-0.109589
22.24415,-3.53749,-0.109589
22.30495,-3.61688,-0.109589
22.36488,-3.69693,-0.109589
22.42392,-3.77764,-0.109589
22.48208,-3.85899,-0.109589
22.53934,-3.94097,-0.109589
22.59570,-4.02357,-0.109589
22.65115,-4.10679,-0.109589
22.70569,-4.19061,-0.109589
22.75930,-4.27502,-0.109589
22.81198,-4.36002,-0.109589
22.86374,-4.44558,-0.109589
22.91455,-4.53171,-0.109589
22.96441,-4.61839,-0.109589
23.01332,-4.70562,-0.109589
23.06127,-4.79337,-0.109589
23.10826,-4.88164,-0.109589
23.15428,-4.97042,-0.109589
23.19932,-5.05970,-0.109589
23.24338,-5.14947,-0.109589
23.28645,-5.23972,-0.109589
23.32854,-5.33043,-0.109589
23.36962,-5.42160,-0.109589
23.40970,-5.51322,-0.109589
23.44878,-5.60526,-0.109589
23.48685,-5.69773,-0.109589
23.52390,-5.79062,-0.109589
23.55993,-5.88390,-0.109589
23.59494,-5.97757,-0.109589
23.62891,-6.07162,-0.109589
23.66186,-6.16604,-0.109589
23.69377,-6.26081,-0.109589
23.72464,-6.35592,-0.109589
23.75446,-6.45137,-0.109589
23.78324,-6.54714,-0.109589
23.81096,-6.64322,-0.109589
23.83763,-6.73960,-0.109589
23.86324,-6.83626,-0.109589
23.88779,-6.93320,-0.109589
23.91128,-7.03040,-0.109589
23.93370,-7.12786,-0.109589
23.95505,-7.22555,-0.109589
23.97533,-7.32347,-0.109589
23.99454,-7.42161,-0.109589
24.01267,-7.51995,-0.109589
24.02972,-7.61849,-0.109589
24.04569,-7.71720,-0.109589
24.06058,-7.81609,-0.109589
24.07438,-7.91513,-0.109589
24.08710,-8.01432,-0.109589
24.09872,-8.11364,-0.109589
24.10926,-8.21308,-0.109589
24.11871,-8.31263,-0.109589
24.12707,-8.41228,-0.109589
24.13433,-8.51202,-0.109589
24.14050,-8.61183,-0.109589
24.14558,-8.71170,-0.109589
24.14956,-8.81162,-0.109589
24.15244,-8.91158,-0.109589
24.15424,-9.01156,-0.109589
24.15494,-9.11156,-0.109589
24.15453,-9.21155,-0.109589
24.15304,-9.31154,-0.109589
24.15044,-9.41151,-0.109589
24.14676,-9.51144,-0.109589
24.14198,-9.61132,-0.109589
24.13610,-9.71115,-0.109589
24.12913,-9.81091,-0.109589
24.12107,-9.91058,-0.109589
24.11191,-10.01016,-0.109589
24.10167,-10.10963,-0.109589
24.09034,-10.20899,-0.109589
24.07791,-10.30821,-0.109589
24.06440,-10.40730,-0.109589
24.04981,-10.50623,-0.109589
24.03413,-10.60499,-0.109589
24.01737,-10.70357,-0.109589
23.99953,-10.80197,-0.109589
23.98061,-10.90016,-0.109589
23.96062,-10.99814,-0.109589
23.93956,-11.09590,-0.109589
23.91743,-11.19342,-0.109589
23.89423,-11.29069,-0.109589
23.86996,-11.38770,-0.109589
23.84463,-11.48444,-0.109589
23.81825,-11.58090,-0.109589
23.79081,-11.67706,-0.109589
23.76231,-11.77291,-0.109589
23.73278,-11.86845,-0.109589
23.70218,-11.96365,-0.109589
23.67056,-12.05852,-0.109589
23.63789,-12.15303,-0.109589
23.60419,-12.24718,-0.109589
23.56946,-12.34096,-0.109589
23.53370,-12.43434,-0.109589
23.49693,-12.52734,-0.109589
23.45913,-12.61992,-0.109589
23.42033,-12.71208,-0.109589
23.38051,-12.80381,-0.109589
23.33970,-12.89511,-0.109589
23.29788,-12.98594,-0.109589
23.25508,-13.07632,-0.109589
23.21128,-13.16622,-0.109589
23.16650,-13.25563,-0.109589
23.12075,-13.34455,-0.109589
23.07403,-13.43296,-0.109589
23.02633,-13.52085,-0.109589
22.97768,-13.60822,-0.109589
22.92807,-13.69505,-0.109589
22.87752,-13.78133,-0.109589
22.82602,-13.86704,-0.109589
22.77358,-13.95219,-0.109589
22.72022,-14.03677,-0.109589
22.66593,-14.12074,-0.109589
22.61072,-14.20412,-0.109589
22.55461,-14.28690,-0.109589
22.49759,-14.36904,-0.109589
22.43967,-14.45056,-0.109589
22.38086,-14.53144,-0.109589
22.32117,-14.61168,-0.109589
22.26061,-14.69125,-0.109589
22.19918,-14.77015,-0.109589
22.13689,-14.84838,-0.109589
22.07374,-14.92592,-0.109589
22.00974,-15.00276,-0.109589
21.94491,-15.07890,-0.109589
21.87925,-15.15432,-0.109589
21.81277,-15.22902,-0.109589
21.74546,-15.30298,-0.109589
21.67736,-15.37620,-0.109589
21.60845,-15.44868,-0.109589
21.53876,-15.52039,-0.109589
21.46828,-15.59133,-0.109589
21.39703,-15.66150,-0.109589
21.32502,-15.73088,-0.109589
21.25225,-15.79947,-0.109589
21.17873,-15.86726,-0.109589
21.10448,-15.93424,-0.109589
21.02950,-16.00040,-0.109589
20.95379,-16.06573,-0.109589
20.87737,-16.13023,-0.109589
20.80025,-16.19389,-0.109589
20.72244,-16.25670,-0.109589
20.64394,-16.31866,-0.109589
20.56477,-16.37974,-0.109589
20.48494,-16.43996,-0.109589
20.40445,-16.49931,-0.109589
20.32331,-16.55776,-0.109589
20.24154,-16.61532,-0.109589
20.15914,-16.67198,-0.109589
20.07613,-16.72774,-0.109589
19.99251,-16.78258,-0.109589
19.90829,-16.83650,-0.109589
19.82349,-16.88950,-0.109589
19.73812,-16.94157,-0.109589
19.65217,-16.99269,-0.109589
19.56568,-17.04287,-0.109589
19.47863,-17.09210,-0.109589
19.39106,-17.14038,-0.109589
19.30296,-17.18769,-0.109589
19.21434,-17.23403,-0.109589
19.12523,-17.27940,-0.109589
19.03562,-17.32379,-0.109589
18.94553,-17.36719,-0.109589
18.85497,-17.40961,-0.109589
18.76395,-17.45103,-0.109589
18.67249,-17.49144,-0.109589
18.58058,-17.53086,-0.109589
18.48825,-17.56927,-0.109589
18.39551,-17.60666,-0.109589
18.30236,-17.64303,-0.109589
18.20881,-17.67838,-0.109589
18.11489,-17.71271,-0.109589
18.02059,-17.74600,-0.109589
17.92594,-17.77825,-0.109589
17.83094,-17.80947,-0.109589
17.73560,-17.83964,-0.109589
17.63993,-17.86877,-0.109589
17.54395,-17.89684,-0.109589
17.44768,-17.92386,-0.109589
17.35111,-17.94983,-0.109589
17.25426,-17.97474,-0.109589
17.15714,-17.99858,-0.109589
17.05977,-18.02136,-0.109589
16.96216,-18.04307,-0.109589
16.86431,-18.06371,-0.109589
16.76624,-18.08328,-0.109589
16.66797,-18.10176,-0.109589
16.56950,-18.11918,-0.109589
16.47084,-18.13551,-0.109589
16.37201,-18.15075,-0.109589
16.27302,-18.16492,-0.109589
16.17387,-18.17800,-0.109589
16.07460,-18.18999,-0.109589
15.97519,-18.20089,-0.109589
15.87568,-18.21071,-0.109589
15.77606,-18.21943,-0.109589
15.67635,-18.22706,-0.109589
15.57656,-18.23360,-0.109589
15.47671,-18.23904,-0.109589
15.37681,-18.24339,-0.109589
15.27686,-18.24664,-0.109589
15.17688,-18.24880,-0.109589
15.07689,-18.24986,-0.109589
14.97689,-18.24983,-0.109589
14.87690,-18.24870,-0.109589
14.77692,-18.24647,-0.109589
14.67698,-18.24315,-0.109589
14.57707,-18.23873,-0.109589
14.47723,-18.23323,-0.109589
14.37744,-18.22662,-0.109589
14.27774,-18.21893,-0.109589
14.17813,-18.21013,-0.109589
14.07862,-18.20025,-0.109589
13.97922,-18.18928,-0.109589
13.87995,-18.17722,-0.109589
13.78082,-18.16408,-0.109589
13.68184,-18.14985,-0.109589
13.58302,-18.13453,-0.109589
13.48437,-18.11814,-0.109589
13.38591,-18.10065,-0.109589
13.28765,-18.08210,-0.109589
13.18959,-18.06247,-0.109589
13.09176,-18.04176,-0.109589
12.99416,-18.01999,-0.109589
12.89681,-17.99714,-0.109589
12.79970,-17.97324,-0.109589
12.70287,-17.94826,-0.109589
12.60632,-17.92223,-0.109589
12.51006,-17.89514,-0.109589
12.41410,-17.86700,-0.109589
12.31846,-17.83781,-0.109589
12.22314,-17.80757,-0.109589
12.12816,-17.77629,-0.109589
12.03352,-17.74397,-0.109589
11.93925,-17.71062,-0.109589
11.84535,-17.67623,-0.109589
11.75183,-17.64082,-0.109589
11.65870,-17.60438,-0.109589
11.56598,-17.56693,-0.109589
11.47368,-17.52846,-0.109589
11.38180,-17.48898,-0.109589
11.29036,-17.44850,-0.109589
11.19937,-17.40702,-0.109589
11.10884,-17.36454,-0.109589
11.01878,-17.32108,-0.109589
10.92920,-17.27663,-0.109589
10.84012,-17.23120,-0.109589
10.75153,-17.18480,-0.109589
10.66347,-17.13742,-0.109589
10.57592,-17.08909,-0.109589
10.48891,-17.03980,-0.109589
10.40245,-16.98956,-0.109589
10.31654,-16.93838,-0.109589
10.23120,-16.88626,-0.109589
10.14644,-16.83320,-0.109589
10.06225,-16.77922,-0.109589
9.97867,-16.72432,-0.109589
9.89570,-16.66851,-0.109589
9.81334,-16.61179,-0.109589
9.73160,-16.55418,-0.109589
9.65051,-16.49566,-0.109589
9.57006,-16.43627,-0.109589
9.49027,-16.37599,-0.109589
9.41113,-16.31485,-0.109589
9.33268,-16.25284,-0.109589
9.25491,-16.18998,-0.109589
9.17784,-16.12626,-0.109589
9.10146,-16.06172,-0.109589
9.02580,-15.99633,-0.109589
8.95086,-15.93012,-0.109589
8.87665,-15.86309,-0.109589
8.80318,-15.79525,-0.109589
8.73046,-15.72661,-0.109589
8.65849,-15.65718,-0.109589
8.58728,-15.58696,-0.109589
8.51686,-15.51597,-0.109589
8.44721,-15.44421,-0.109589
8.37836,-15.37169,-0.109589
8.31030,-15.29842,-0.109589
8.24305,-15.22441,-0.109589
8.17662,-15.14967,-0.109589
8.11101,-15.07421,-0.109589
8.04623,-14.99802,-0.109589
7.98229,-14.92114,-0.109589
7.91919,-14.84356,-0.109589
7.85695,-14.76528,-0.109589
7.79557,-14.68634,-0.109589
7.73506,-14.60672,-0.109589
7.67543,-14.52645,-0.109589
7.61668,-14.44553,-0.109589
7.55881,-14.36397,-0.109589
7.50185,-14.28178,-0.109589
7.44579,-14.19897,-0.109589
7.39064,-14.11555,-0.109589
7.33641,-14.03154,-0.109589
7.28310,-13.94693,-0.109589
7.23073,-13.86174,-0.109589
7.17928,-13.77599,-0.109589
7.12879,-13.68967,-0.109589
7.07924,-13.60281,-0.109589
7.03065,-13.51541,-0.109589
6.98301,-13.42749,-0.109589
6.93634,-13.33905,-0.109589
6.89065,-13.25009,-0.109589
6.84593,-13.16065,-0.109589
6.80220,-13.07072,-0.109589
6.75946,-12.98032,-0.109589
6.71770,-12.88945,-0.109589
6.67696,-12.79813,-0.109589
6.63720,-12.70637,-0.109589
6.59846,-12.61418,-0.109589
6.56073,-12.52157,-0.109589
6.52401,-12.42856,-0.109589
6.48832,-12.33514,-0.109589
6.45366,-12.24134,-0.109589
6.42002,-12.14717,-0.109589
6.38742,-12.05264,-0.109589
6.35586,-11.95775,-0.109589
6.32533,-11.86252,-0.109589
6.29586,-11.76696,-0.109589
6.26742,-11.67109,-0.109589
6.24005,-11.57491,-0.109589
6.21373,-11.47843,-0.109589
6.18847,-11.38168,-0.109589
6.16427,-11.28465,-0.109589
6.14114,-11.18736,-0.109589
6.11907,-11.08983,-0.109589
6.09808,-10.99206,-0.109589
6.07815,-10.89406,-0.109589
6.05930,-10.79586,-0.109589
6.04153,-10.69745,-0.109589
6.02483,-10.59885,-0.109589
6.00922,-10.50008,-0.109589
5.99470,-10.40114,-0.109589
5.98126,-10.30205,-0.109589
5.96890,-10.20281,-0.109589
5.95763,-10.10345,-0.109589
5.94746,-10.00397,-0.109589
5.93837,-9.90438,-0.109589
5.93037,-9.80471,-0.109589
5.92347,-9.70494,-0.109589
5.91766,-9.60511,-0.109589
5.91295,-9.50522,-0.109589
5.90933,-9.40529,-0.109589
5.90681,-9.30532,-0.109589
5.90538,-9.20533,-0.109589
5.90504,-9.10533,-0.109589
5.90582,-9.00534,-0.109589
5.90768,-8.90535,-0.109589
5.91062,-8.80540,-0.109589
5.91468,-8.70548,-0.109589
5.91983,-8.60561,-0.109589
5.92606,-8.50581,-0.109589
5.93339,-8.40608,-0.109589
5.94182,-8.30643,-0.109589
5.95134,-8.20689,-0.109589
5.96195,-8.10745,-0.109589
5.97363,-8.00814,-0.109589
5.98642,-7.90896,-0.109589
6.00029,-7.80993,-0.109589
6.01524,-7.71105,-0.109589
6.03129,-7.61235,-0.109589
6.04840,-7.51382,-0.109589
6.06660,-7.41549,-0.109589
6.08587,-7.31737,-0.109589
6.10622,-7.21946,-0.109589
6.12764,-7.12178,-0.109589
6.15013,-7.02434,-0.109589
6.17368,-6.92716,-0.109589
6.19830,-6.83023,-0.109589
6.22397,-6.73359,-0.109589
6.25071,-6.63723,-0.109589
6.27849,-6.54117,-0.109589
6.30734,-6.44542,-0.109589
6.33722,-6.34999,-0.109589
6.36816,-6.25489,-0.109589
6.40013,-6.16014,-0.109589
6.43315,-6.06575,-0.109589
6.46718,-5.97172,-0.109589
6.50226,-5.87807,-0.109589
6.53835,-5.78482,-0.109589
6.57546,-5.69196,-0.109589
6.61360,-5.59951,-0.109589
6.65274,-5.50749,-0.109589
6.69288,-5.41590,-0.109589
6.73403,-5.32476,-0.109589
6.77617,-5.23408,-0.109589
6.81931,-5.14386,-0.109589
6.86343,-5.05412,-0.109589
6.90853,-4.96487,-0.109589
6.95461,-4.87612,-0.109589
7.00166,-4.78788,-0.109589
7.04967,-4.70016,-0.109589
7.09864,-4.61297,-0.109589
7.14856,-4.52632,-0.109589
7.19943,-4.44023,-0.109589
7.25125,-4.35470,-0.109589
7.30399,-4.26974,-0.109589
7.35766,-4.18536,-0.109589
7.41225,-4.10158,-0.109589
7.46776,-4.01840,-0.109589
7.52418,-3.93584,-0.109589
7.58149,-3.85389,-0.109589
7.63971,-3.77258,-0.109589
7.69880,-3.69192,-0.109589
7.75879,-3.61191,-0.109589
7.81964,-3.53255,-0.109589
7.88136,-3.45387,-0.109589
7.94394,-3.37587,-0.109589
8.00736,-3.29856,-0.109589
8.07164,-3.22195,-0.109589
8.13675,-3.14605,-0.109589
8.20268,-3.07087,-0.109589
8.26944,-2.99642,-0.109589
8.33700,-2.92269,-0.109589
8.40538,-2.84972,-0.109589
8.47454,-2.77750,-0.109589
8.54450,-2.70604,-0.109589
8.61523,-2.63535,-0.109589
8.68673,-2.56545,-0.109589
8.75900,-2.49632,-0.109589
8.83202,-2.42801,-0.109589
8.90578,-2.36049,-0.109589
8.98028,-2.29378,-0.109589
9.05550,-2.22789,-0.109589
9.13145,-2.16283,-0.109589
9.20810,-2.09861,-0.109589
9.28545,-2.03523,-0.109589
9.36349,-1.97271,-0.109589
9.44221,-1.91104,-0.109589
9.52160,-1.85023,-0.109589
9.60165,-1.79031,-0.109589
9.68236,-1.73126,-0.109589
9.76371,-1.67310,-0.109589
9.84569,-1.61583,-0.109589
9.92829,-1.55947,-0.109589
10.01150,-1.50402,-0.109589
10.09532,-1.44948,-0.109589
10.17973,-1.39586,-0.109589
10.26473,-1.34318,-0.109589
10.35029,-1.29142,-0.109589
10.43642,-1.24061,-0.109589
10.52309,-1.19074,-0.109589
10.61032,-1.14183,-0.109589
10.69807,-1.09387,-0.109589
10.78634,-1.04688,-0.109589
10.87512,-1.00086,-0.109589
10.96440,-0.95582,-0.109589
11.05417,-0.91175,-0.109589
11.14441,-0.86868,-0.109589
11.23513,-0.82660,-0.109589
11.32630,-0.78551,-0.109589
11.41791,-0.74542,-0.109589
11.50995,-0.70634,-0.109589
11.60242,-0.66827,-0.109589
11.69531,-0.63122,-0.109589
11.78859,-0.59518,-0.109589
11.88226,-0.56017,-0.109589
11.97630,-0.52619,-0.109589
12.07072,-0.49324,-0.109589
12.16549,-0.46133,-0.109589
12.26061,-0.43046,-0.109589
12.35605,-0.40063,-0.109589
12.45182,-0.37186,-0.109589
12.54790,-0.34413,-0.109589
12.64428,-0.31745,-0.109589
12.74094,-0.29184,-0.109589
12.83788,-0.26729,-0.109589
12.93508,-0.24379,-0.109589
13.03253,-0.22137,-0.109589
13.13022,-0.20001,-0.109589
13.22815,-0.17973,-0.109589
13.32628,-0.16053,-0.109589
13.42462,-0.14239,-0.109589
13.52316,-0.12534,-0.109589
13.62187,-0.10936,-0.109589
13.72076,-0.09448,-0.109589
13.81980,-0.08067,-0.109589
13.91899,-0.06795,-0.109589
14.01831,-0.05632,-0.109589
14.11775,-0.04578,-0.109589
14.21730,-0.03633,-0.109589
14.31695,-0.02797,-0.109589
14.41669,-0.02070,-0.109589
14.51649,-0.01452,-0.109589
14.61637,-0.00945,-0.109589
14.71628,-0.00546,-0.109589
14.81624,-0.00257,-0.109589
14.91623,-0.00077,-0.109589
15.01622,-0.00008,-0.109589
15.11622,-0.00047,-0.109589
15.21621,-0.00196,-0.109589
15.31617,-0.00456,-0.109589
15.41611,-0.00824,-0.109589
15.51599,-0.01302,-0.109589
15.61582,-0.01889,-0.109589
15.71557,-0.02586,-0.109589
15.81525,-0.03392,-0.109589
15.91483,-0.04307,-0.109589
16.01430,-0.05331,-0.109589
16.11366,-0.06464,-0.109589
16.21288,-0.07706,-0.109589
16.31196,-0.09057,-0.109589
16.41089,-0.10516,-0.109589
16.50966,-0.12084,-0.109589
16.60824,-0.13759,-0.109589
16.70664,-0.15543,-0.109589
16.80483,-0.17434,-0.109589
16.90281,-0.19433,-0.109589
17.00057,-0.21539,-0.109589
17.09809,-0.23751,-0.109589
17.19536,-0.26072,-0.109589
17.29237,-0.28497,-0.109589
17.38911,-0.31030,-0.109589
17.48557,-0.33668,-0.109589
17.58173,-0.36412,-0.109589
17.67759,-0.39261,-0.109589
17.77312,-0.42215,-0.109589
17.86833,-0.45274,-0.109589
17.96320,-0.48436,-0.109589
18.05771,-0.51702,-0.109589
18.15186,-0.55072,-0.109589
18.24564,-0.58544,-0.109589
18.33902,-0.62120,-0.109589
18.43202,-0.65797,-0.109589
18.52460,-0.69576,-0.109589
18.61677,-0.73456,-0.109589
18.70850,-0.77438,-0.109589
18.79979,-0.81519,-0.109589
18.89063,-0.85700,-0.109589
18.98100,-0.89980,-0.109589
19.07090,-0.94360,-0.109589
19.16032,-0.98837,-0.109589
19.24924,-1.03412,-0.109589
19.33765,-1.08085,-0.109589
19.42554,-1.12854,-0.109589
19.51291,-1.17718,-0.109589
19.59974,-1.22679,-0.109589
19.68602,-1.27735,-0.109589
19.77174,-1.32884,-0.109589
19.85689,-1.38127,-0.109589
19.94146,-1.43464,-0.109589
20.02545,-1.48892,-0.109589
20.10883,-1.54412,-0.109589
20.19160,-1.60023,-0.109589
20.27375,-1.65726,-0.109589
20.35527,-1.71517,-0.109589
20.43616,-1.77397,-0.109589
20.51639,-1.83365,-0.109589
20.59596,-1.89422,-0.109589
20.67487,-1.95565,-0.109589
20.75310,-2.01794,-0.109589
20.83064,-2.08108,-0.109589
20.90748,-2.14507,-0.109589
20.98362,-2.20990,-0.109589
21.05904,-2.27556,-0.109589
21.13374,-2.34205,-0.109589
21.20771,-2.40934,-0.109589
21.28094,-2.47744,-0.109589
21.35341,-2.54635,-0.109589
21.42512,-2.61604,-0.109589
21.49607,-2.68651,-0.109589
21.56623,-2.75776,-0.109589
21.63562,-2.82977,-0.109589
21.70421,-2.90253,-0.109589
21.77200,-2.97605,-0.109589
21.83898,-3.05031,-0.109589
21.90514,-3.12529,-0.109589
21.97048,-3.20099,-0.109589
22.03498,-3.27741,-0.109589
22.09864,-3.35452,-0.109589
22.16146,-3.43233,-0.109589
22.22341,-3.51083,-0.109589
22.28450,-3.59000,-0.109589
22.34472,-3.66983,-0.109589
22.40407,-3.75032,-0.109589
22.46252,-3.83145,-0.109589
22.52008,-3.91322,-0.109589
22.57675,-3.99561,-0.109589
22.63251,-4.07862,-0.109589
22.68735,-4.16224,-0.109589
22.74128,-4.24646,-0.109589
22.79428,-4.33126,-0.109589
22.84635,-4.41663,-0.109589
22.89748,-4.50257,-0.109589
22.94766,-4.58906,-0.109589
22.99689,-4.67610,-0.109589
23.04517,-4.76368,-0.109589
23.09248,-4.85178,-0.109589
23.13883,-4.94039,-0.109589
23.18420,-5.02950,-0.109589
23.22859,-5.11910,-0.109589
23.27200,-5.20919,-0.109589
23.31441,-5.29975,-0.109589
23.35584,-5.39077,-0.109589
23.39626,-5.48223,-0.109589
23.43567,-5.57413,-0.109589
23.47408,-5.66646,-0.109589
23.51148,-5.75921,-0.109589
23.54785,-5.85236,-0.109589
23.58321,-5.94590,-0.109589
23.61753,-6.03982,-0.109589
23.65083,-6.13411,-0.109589
23.68308,-6.22877,-0.109589
23.71431,-6.32377,-0.109589
23.74448,-6.41911,-0.109589
23.77361,-6.51477,-0.109589
23.80168,-6.61074,-0.109589
23.82871,-6.70702,-0.109589
23.85468,-6.80359,-0.109589
23.87959,-6.90044,-0.109589
23.90344,-6.99755,-0.109589
23.92622,-7.09492,-0.109589
23.94793,-7.19253,-0.109589
23.96857,-7.29038,-0.109589
23.98814,-7.38844,-0.109589
24.00664,-7.48672,-0.109589
24.02405,-7.58519,-0.109589
24.04038,-7.68385,-0.109589
24.05564,-7.78267,-0.109589
24.06981,-7.88166,-0.109589
24.08289,-7.98080,-0.109589
24.09488,-8.08008,-0.109589
24.10579,-8.17948,-0.109589
24.11561,-8.27900,-0.109589
24.12433,-8.37862,-0.109589
24.13196,-8.47832,-0.109589
24.13850,-8.57811,-0.109589
24.14395,-8.67796,-0.109589
24.14830,-8.77786,-0.109589
24.15156,-8.87781,-0.109589
24.15371,-8.97779,-0.109589
24.15479,-9.07778,-0.109589
24.15475,-9.17778,-0.109589
24.15363,-9.27777,-0.109589
24.15140,-9.37774,-0.109589
24.14809,-9.47769,-0.109589
24.14368,-9.57759,-0.109589
24.13817,-9.67744,-0.109589
24.13157,-9.77722,-0.109589
24.12387,-9.87692,-0.109589
24.11508,-9.97653,-0.109589
24.10521,-10.07604,-0.109589
24.09424,-10.17544,-0.109589
24.08218,-10.27471,-0.109589
24.06904,-10.37384,-0.109589
24.05481,-10.47282,-0.109589
24.03950,-10.57164,-0.109589
24.02310,-10.67029,-0.109589
24.00563,-10.76875,-0.109589
23.98708,-10.86701,-0.109589
23.96745,-10.96506,-0.109589
23.94675,-11.06290,-0.109589
23.92498,-11.16050,-0.109589
23.90214,-11.25785,-0.109589
23.87823,-11.35495,-0.109589
23.85326,-11.45178,-0.109589
23.82723,-11.54833,-0.109589
23.80015,-11.64460,-0.109589
23.77201,-11.74055,-0.109589
23.74282,-11.83620,-0.109589
23.71258,-11.93152,-0.109589
23.68131,-12.02650,-0.109589
23.64899,-12.12113,-0.109589
23.61564,-12.21540,-0.109589
23.58125,-12.30931,-0.109589
23.54584,-12.40283,-0.109589
23.50941,-12.49595,-0.109589
23.47196,-12.58867,-0.109589
23.43350,-12.68098,-0.109589
23.39402,-12.77286,-0.109589
23.35355,-12.86430,-0.109589
23.31207,-12.95529,-0.109589
23.26960,-13.04582,-0.109589
23.22614,-13.13588,-0.109589
23.18169,-13.22546,-0.109589
23.13627,-13.31454,-0.109589
23.08987,-13.40313,-0.109589
23.04250,-13.49119,-0.109589
22.99417,-13.57874,-0.109589
22.94488,-13.66575,-0.109589
22.89465,-13.75221,-0.109589
22.84347,-13.83812,-0.109589
22.79134,-13.92346,-0.109589
22.73830,-14.00823,-0.109589
22.68432,-14.09241,-0.109589
22.62942,-14.17599,-0.109589
22.57361,-14.25897,-0.109589
22.51690,-14.34133,-0.109589
22.45928,-14.42306,-0.109589
22.40077,-14.50416,-0.109589
22.34138,-14.58461,-0.109589
22.28111,-14.66441,-0.109589
22.21997,-14.74354,-0.109589
22.15797,-14.82200,-0.109589
22.09511,-14.89977,-0.109589
22.03140,-14.97684,-0.109589
21.96685,-15.05322,-0.109589
21.90147,-15.12888,-0.109589
21.83526,-15.20383,-0.109589
21.76824,-15.27804,-0.109589
21.70040,-15.35151,-0.109589
21.63177,-15.42423,-0.109589
21.56234,-15.49620,-0.109589
21.49213,-15.56741,-0.109589
21.42114,-15.63783,-0.109589
21.34938,-15.70748,-0.109589
21.27686,-15.77634,-0.109589
21.20360,-15.84440,-0.109589
21.12959,-15.91165,-0.109589
21.05486,-15.97809,-0.109589
20.97939,-16.04370,-0.109589
20.90321,-16.10848,-0.109589
20.82633,-16.17242,-0.109589
20.74875,-16.23552,-0.109589
20.67049,-16.29777,-0.109589
20.59154,-16.35915,-0.109589
20.51193,-16.41966,-0.109589
20.43166,-16.47930,-0.109589
20.35075,-16.53806,-0.109589
20.26919,-16.59592,-0.109589
20.18700,-16.65288,-0.109589
20.10419,-16.70894,-0.109589
20.02078,-16.76409,-0.109589
19.93676,-16.81832,-0.109589
19.85216,-16.87164,-0.109589
19.76698,-16.92402,-0.109589
19.68123,-16.97546,-0.109589
19.59491,-17.02596,-0.109589
19.50805,-17.07551,-0.109589
19.42066,-17.12411,-0.109589
19.33274,-17.17175,-0.109589
19.24429,-17.21841,-0.109589
19.15535,-17.26411,-0.109589
19.06591,-17.30883,-0.109589
18.97598,-17.35257,-0.109589
18.88558,-17.39532,-0.109589
18.79471,-17.43707,-0.109589
18.70340,-17.47783,-0.109589
18.61164,-17.51758,-0.109589
18.51946,-17.55633,-0.109589
18.42685,-17.59406,-0.109589
18.33383,-17.63078,-0.109589
18.24042,-17.66647,-0.109589
18.14663,-17.70114,-0.109589
18.05246,-17.73479,-0.109589
17.95792,-17.76739,-0.109589
17.86304,-17.79895,-0.109589
17.76781,-17.82948,-0.109589
17.67226,-17.85896,-0.109589
17.57638,-17.88739,-0.109589
17.48020,-17.91477,-0.109589
17.38373,-17.94109,-0.109589
17.28698,-17.96636,-0.109589
17.18995,-17.99056,-0.109589
17.09267,-18.01370,-0.109589
16.99514,-18.03577,-0.109589
16.89737,-18.05677,-0.109589
16.79937,-18.07670,-0.109589
16.70117,-18.09555,-0.109589
16.60276,-18.11333,-0.109589
16.50417,-18.13002,-0.109589
16.40539,-18.14563,-0.109589
16.30646,-18.16017,-0.109589
16.20737,-18.17361,-0.109589
16.10813,-18.18596,-0.109589
16.00877,-18.19724,-0.109589
15.90929,-18.20742,-0.109589
15.80971,-18.21651,-0.109589
15.71003,-18.22451,-0.109589
15.61027,-18.23141,-0.109589
15.51044,-18.23722,-0.109589
15.41055,-18.24194,-0.109589
15.31062,-18.24557,-0.109589
15.21065,-18.24810,-0.109589
15.11066,-18.24953,-0.109589
15.01067,-18.24986,-0.109589
14.91067,-18.24911,-0.109589
14.81069,-18.24725,-0.109589
14.71073,-18.24430,-0.109589
14.61082,-18.24025,-0.109589
14.51095,-18.23511,-0.109589
14.41115,-18.22887,-0.109589
14.31142,-18.22154,-0.109589
14.21177,-18.21312,-0.109589
14.11223,-18.20361,-0.109589
14.01279,-18.19300,-0.109589
13.91348,-18.18131,-0.109589
13.81430,-18.16854,-0.109589
13.71527,-18.15467,-0.109589
13.61639,-18.13972,-0.109589
13.51769,-18.12369,-0.109589
13.41917,-18.10657,-0.109589
13.32084,-18.08838,-0.109589
13.22271,-18.06912,-0.109589
13.12480,-18.04877,-0.109589
13.02712,-18.02736,-0.109589
12.92969,-18.00487,-0.109589
12.83250,-17.98132,-0.109589
12.73558,-17.95671,-0.109589
12.63893,-17.93103,-0.109589
12.54257,-17.90430,-0.109589
12.44651,-17.87651,-0.109589
12.35076,-17.84768,-0.109589
12.25533,-17.81780,-0.109589
12.16024,-17.78686,-0.109589
12.06549,-17.75490,-0.109589
11.97109,-17.72189,-0.109589
11.87706,-17.68785,-0.109589
11.78342,-17.65278,-0.109589
11.69016,-17.61669,-0.109589
11.59730,-17.57959,-0.109589
11.50485,-17.54146,-0.109589
11.41283,-17.50232,-0.109589
11.32124,-17.46218,-0.109589
11.23010,-17.42103,-0.109589
11.13941,-17.37890,-0.109589
11.04920,-17.33576,-0.109589
10.95946,-17.29164,-0.109589
10.87021,-17.24654,-0.109589
10.78145,-17.20047,-0.109589
10.69321,-17.15343,-0.109589
10.60549,-17.10542,-0.109589
10.51830,-17.05645,-0.109589
10.43165,-17.00654,-0.109589
10.34556,-16.95567,-0.109589
10.26002,-16.90387,-0.109589
10.17507,-16.85112,-0.109589
10.09069,-16.79745,-0.109589
10.00690,-16.74286,-0.109589
9.92372,-16.68736,-0.109589
9.84115,-16.63095,-0.109589
9.75921,-16.57364,-0.109589
9.67790,-16.51543,-0.109589
9.59723,-16.45633,-0.109589
9.51722,-16.39635,-0.109589
9.43786,-16.33550,-0.109589
9.35918,-16.27379,-0.109589
9.28118,-16.21121,-0.109589
9.20387,-16.14779,-0.109589
9.12726,-16.08352,-0.109589
9.05135,-16.01842,-0.109589
8.97617,-15.95248,-0.109589
8.90171,-15.88573,-0.109589
8.82799,-15.81817,-0.109589
8.75502,-15.74980,-0.109589
8.68280,-15.68063,-0.109589
8.61133,-15.61068,-0.109589
8.54065,-15.53995,-0.109589
8.47074,-15.46845,-0.109589
8.40161,-15.39619,-0.109589
8.33329,-15.32317,-0.109589
8.26576,-15.24942,-0.109589
8.19905,-15.17492,-0.109589
8.13316,-15.09970,-0.109589
8.06811,-15.02376,-0.109589
8.00388,-14.94711,-0.109589
7.94050,-14.86976,-0.109589
7.87797,-14.79173,-0.109589
7.81630,-14.71301,-0.109589
7.75550,-14.63362,-0.109589
7.69557,-14.55357,-0.109589
7.63652,-14.47287,-0.109589
7.57835,-14.39152,-0.109589
7.52108,-14.30955,-0.109589
7.46472,-14.22695,-0.109589
7.40926,-14.14373,-0.109589
7.35472,-14.05992,-0.109589
7.30110,-13.97551,-0.109589
7.24841,-13.89052,-0.109589
7.19665,-13.80496,-0.109589
7.14584,-13.71883,-0.109589
7.09597,-13.63216,-0.109589
7.04705,-13.54494,-0.109589
6.99909,-13.45719,-0.109589
6.95210,-13.36892,-0.109589
6.90608,-13.28014,-0.109589
6.86103,-13.19087,-0.109589
6.81696,-13.10110,-0.109589
6.77389,-13.01086,-0.109589
6.73180,-12.92015,-0.109589
6.69071,-12.82898,-0.109589
6.65062,-12.73737,-0.109589
6.61153,-12.64533,-0.109589
6.57346,-12.55286,-0.109589
6.53640,-12.45998,-0.109589
6.50037,-12.36670,-0.109589
6.46536,-12.27303,-0.109589
6.43137,-12.17898,-0.109589
6.39842,-12.08457,-0.109589
6.36650,-11.98980,-0.109589
6.33563,-11.89469,-0.109589
6.30580,-11.79924,-0.109589
6.27701,-11.70348,-0.109589
6.24928,-11.60740,-0.109589
6.22261,-11.51103,-0.109589
6.19699,-11.41437,-0.109589
6.17243,-11.31743,-0.109589
6.14894,-11.22023,-0.109589
6.12651,-11.12278,-0.109589
6.10515,-11.02509,-0.109589
6.08487,-10.92717,-0.109589
6.06565,-10.82903,-0.109589
6.04752,-10.73069,-0.109589
6.03046,-10.63216,-0.109589
6.01448,-10.53345,-0.109589
5.99959,-10.43456,-0.109589
5.98578,-10.33552,-0.109589
5.97306,-10.23634,-0.109589
5.96142,-10.13702,-0.109589
5.95088,-10.03757,-0.109589
5.94142,-9.93802,-0.109589
5.93306,-9.83838,-0.109589
5.92578,-9.73864,-0.109589
5.91961,-9.63883,-0.109589
5.91452,-9.53897,-0.109589
5.91054,-9.43905,-0.109589
5.90764,-9.33909,-0.109589
5.90584,-9.23911,-0.109589
5.90514,-9.13911,-0.109589
5.90553,-9.03911,-0.109589
5.90703,-8.93913,-0.109589
5.90961,-8.83916,-0.109589
5.91329,-8.73923,-0.109589
5.91807,-8.63935,-0.109589
5.92393,-8.53952,-0.109589
5.93090,-8.43976,-0.109589
5.93895,-8.34009,-0.109589
5.94810,-8.24051,-0.109589
5.95834,-8.14104,-0.109589
5.96967,-8.04168,-0.109589
5.98208,-7.94246,-0.109589
5.99558,-7.84337,-0.109589
6.01017,-7.74445,-0.109589
6.02584,-7.64568,-0.109589
6.04260,-7.54710,-0.109589
6.06043,-7.44870,-0.109589
6.07934,-7.35051,-0.109589
6.09932,-7.25253,-0.109589
6.12038,-7.15477,-0.109589
6.14251,-7.05725,-0.109589
6.16570,-6.95998,-0.109589
6.18996,-6.86297,-0.109589
6.21527,-6.76623,-0.109589
6.24165,-6.66977,-0.109589
6.26909,-6.57361,-0.109589
6.29757,-6.47775,-0.109589
6.32711,-6.38221,-0.109589
6.35769,-6.28701,-0.109589
6.38931,-6.19214,-0.109589
6.42197,-6.09763,-0.109589
6.45566,-6.00347,-0.109589
6.49038,-5.90970,-0.109589
6.52613,-5.81631,-0.109589
6.56290,-5.72331,-0.109589
6.60069,-5.63073,-0.109589
6.63949,-5.53857,-0.109589
6.67930,-5.44683,-0.109589
6.72010,-5.35554,-0.109589
6.76191,-5.26470,-0.109589
6.80471,-5.17432,-0.109589
6.84850,-5.08442,-0.109589
6.89327,-4.99500,-0.109589
6.93902,-4.90608,-0.109589
6.98574,-4.81767,-0.109589
7.03343,-4.72978,-0.109589
7.08207,-4.64241,-0.109589
7.13167,-4.55558,-0.109589
7.18222,-4.46929,-0.109589
7.23372,-4.38357,-0.109589
7.28615,-4.29842,-0.109589
7.33950,-4.21385,-0.109589
7.39378,-4.12986,-0.109589
7.44898,-4.04648,-0.109589
7.50509,-3.96371,-0.109589
7.56211,-3.88156,-0.109589
7.62002,-3.80003,-0.109589
7.67881,-3.71915,-0.109589
7.73850,-3.63891,-0.109589
7.79906,-3.55934,-0.109589
7.86048,-3.48043,-0.109589
7.92277,-3.40220,-0.109589
7.98591,-3.32465,-0.109589
8.04990,-3.24781,-0.109589
8.11473,-3.17167,-0.109589
8.18038,-3.09624,-0.109589
8.24686,-3.02154,-0.109589
8.31415,-2.94757,-0.109589
8.38225,-2.87435,-0.109589
8.45116,-2.80187,-0.109589
8.52084,-2.73016,-0.109589
8.59131,-2.65921,-0.109589
8.66256,-2.58903,-0.109589
8.73456,-2.51965,-0.109589
8.80733,-2.45106,-0.109589
8.88084,-2.38327,-0.109589
8.95509,-2.31628,-0.109589
9.03007,-2.25011,-0.109589
9.10577,-2.18478,-0.109589
9.18218,-2.12027,-0.109589
9.25930,-2.05661,-0.109589
9.33711,-1.99380,-0.109589
9.41560,-1.93184,-0.109589
9.49476,-1.87074,-0.109589
9.57459,-1.81052,-0.109589
9.65508,-1.75117,-0.109589
9.73621,-1.69272,-0.109589
9.81797,-1.63515,-0.109589
9.90037,-1.57848,-0.109589
9.98337,-1.52272,-0.109589
10.06699,-1.46787,-0.109589
10.15120,-1.41394,-0.109589
10.23600,-1.36094,-0.109589
10.32137,-1.30887,-0.109589
10.40731,-1.25774,-0.109589
10.49380,-1.20755,-0.109589
10.58084,-1.15831,-0.109589
10.66841,-1.11004,-0.109589
10.75650,-1.06272,-0.109589
10.84511,-1.01637,-0.109589
10.93422,-0.97100,-0.109589
11.02383,-0.92660,-0.109589
11.11391,-0.88319,-0.109589
11.20447,-0.84077,-0.109589
11.29548,-0.79935,-0.109589
11.38694,-0.75892,-0.109589
11.47885,-0.71950,-0.109589
11.57117,-0.68109,-0.109589
11.66392,-0.64369,-0.109589
11.75706,-0.60731,-0.109589
11.85060,-0.57195,-0.109589
11.94452,-0.53762,-0.109589
12.03881,-0.50433,-0.109589
12.13347,-0.47207,-0.109589
12.22847,-0.44085,-0.109589
12.32380,-0.41066,-0.109589
12.41946,-0.38153,-0.109589
12.51544,-0.35345,-0.109589
12.61171,-0.32642,-0.109589
12.70828,-0.30044,-0.109589
12.80512,-0.27553,-0.109589
12.90224,-0.25168,-0.109589
12.99960,-0.22890,-0.109589
13.09722,-0.20718,-0.109589
13.19506,-0.18654,-0.109589
13.29313,-0.16697,-0.109589
13.39140,-0.14847,-0.109589
13.48987,-0.13105,-0.109589
13.58852,-0.11471,-0.109589
13.68735,-0.09946,-0.109589
13.78634,-0.08529,-0.109589
13.88548,-0.07220,-0.109589
13.98475,-0.06020,-0.109589
14.08416,-0.04929,-0.109589
14.18367,-0.03947,-0.109589
14.28329,-0.03074,-0.109589
14.38299,-0.02310,-0.109589
14.48278,-0.01656,-0.109589
14.58263,-0.01111,-0.109589
14.68253,-0.00676,-0.109589
14.78248,-0.00349,-0.109589
14.88245,-0.00133,-0.109589
14.98245,-0.00026,-0.109589
15.08244,0.00029,-0.109589
15.18244,0.00141,0.109589
15.28241,0.00363,0.109589
15.38235,0.00695,0.109589
15.48225,0.01135,0.109589
15.58210,0.01685,0.109589
15.68188,0.02345,0.109589
15.78158,0.03114,0.109589
15.88120,0.03993,0.109589
15.98071,0.04980,0.109589
16.08010,0.06076,0.109589
16.17937,0.07281,0.109589
16.27850,0.08595,0.109589
16.37748,0.10018,0.109589
16.47630,0.11549,0.109589
16.57495,0.13188,0.109589
16.67341,0.14935,0.109589
16.77167,0.16790,0.109589
16.86973,0.18752,0.109589
16.96756,0.20822,0.109589
17.06516,0.22998,0.109589
17.16252,0.25282,0.109589
17.25962,0.27673,0.109589
17.35645,0.30169,0.109589
17.45300,0.32772,0.109589
17.54926,0.35480,0.109589
17.64522,0.38293,0.109589
17.74087,0.41212,0.109589
17.83619,0.44235,0.109589
17.93117,0.47362,0.109589
18.02580,0.50593,0.109589
18.12008,0.53928,0.109589
18.21398,0.57366,0.109589
18.30750,0.60907,0.109589
18.40063,0.64550,0.109589
18.49335,0.68294,0.109589
18.58566,0.72140,0.109589
18.67754,0.76087,0.109589
18.76898,0.80135,0.109589
18.85997,0.84282,0.109589
18.95050,0.88529,0.109589
19.04056,0.92875,0.109589
19.13014,0.97319,0.109589
19.21923,1.01862,0.109589
19.30781,1.06501,0.109589
19.39588,1.11238,0.109589
19.48343,1.16070,0.109589
19.57044,1.20998,0.109589
19.65691,1.26022,0.109589
19.74282,1.31139,0.109589
19.82816,1.36351,0.109589
19.91293,1.41656,0.109589
19.99711,1.47053,0.109589
20.08070,1.52542,0.109589
20.16368,1.58123,0.109589
20.24604,1.63794,0.109589
20.32777,1.69555,0.109589
20.40887,1.75405,0.109589
20.48933,1.81344,0.109589
20.56912,1.87371,0.109589
20.64825,1.93485,0.109589
20.72671,1.99685,0.109589
20.80449,2.05970,0.109589
20.88157,2.12341,0.109589
20.95795,2.18795,0.109589
21.03361,2.25333,0.109589
21.10855,2.31954,0.109589
21.18277,2.38656,0.109589
21.25624,2.45439,0.109589
21.32897,2.52302,0.109589
21.40094,2.59245,0.109589
21.47215,2.66266,0.109589
21.54258,2.73365,0.109589
21.61223,2.80540,0.109589
21.68109,2.87791,0.109589
21.74915,2.95117,0.109589
21.81640,3.02518,0.109589
21.88284,3.09992,0.109589
21.94846,3.17538,0.109589
22.01324,3.25155,0.109589
22.07719,3.32843,0.109589
22.14029,3.40601,0.109589
22.20254,3.48427,0.109589
22.26392,3.56321,0.109589
22.32444,3.64282,0.109589
22.38408,3.72309,0.109589
22.44283,3.80400,0.109589
22.50070,3.88556,0.109589
22.55767,3.96774,0.109589
22.61373,4.05054,0.109589
22.66889,4.13396,0.109589
22.72312,4.21797,0.109589
22.77643,4.30257,0.109589
22.82882,4.38775,0.109589
22.88027,4.47350,0.109589
22.93077,4.55981,0.109589
22.98032,4.64667,0.109589
23.02892,4.73406,0.109589
23.07656,4.82198,0.109589
23.12324,4.91042,0.109589
23.16894,4.99937,0.109589
23.21366,5.08881,0.109589
23.25740,5.17873,0.109589
23.30015,5.26913,0.109589
23.34191,5.35999,0.109589
23.38267,5.45131,0.109589
23.42243,5.54306,0.109589
23.46118,5.63525,0.109589
23.49892,5.72785,0.109589
23.53563,5.82087,0.109589
23.57133,5.91427,0.109589
23.60601,6.00807,0.109589
23.63965,6.10224,0.109589
23.67226,6.19677,0.109589
23.70383,6.29165,0.109589
23.73436,6.38688,0.109589
23.76384,6.48243,0.109589
23.79228,6.57830,0.109589
23.81966,6.67448,0.109589
23.84599,6.77095,0.109589
23.87125,6.86770,0.109589
23.89546,6.96473,0.109589
23.91860,7.06201,0.109589
23.94067,7.15955,0.109589
23.96168,7.25731,0.109589
23.98161,7.35530,0.109589
24.00046,7.45351,0.109589
24.01824,7.55191,0.109589
24.03494,7.65051,0.109589
24.05057,7.74928,0.109589
24.06510,7.84822,0.109589
24.07855,7.94731,0.109589
24.09091,8.04654,0.109589
24.10218,8.14590,0.109589
24.11237,8.24538,0.109589
24.12146,8.34496,0.109589
24.12947,8.44464,0.109589
24.13637,8.54440,0.109589
24.14219,8.64423,0.109589
24.14691,8.74411,0.109589
24.15054,8.84405,0.109589
24.15307,8.94401,0.109589
24.15451,9.04400,0.109589
24.15485,9.14400,0.109589
24.15409,9.24400,0.109589
24.15224,9.34398,0.109589
24.14929,9.44393,0.109589
24.14525,9.54385,0.109589
24.14011,9.64372,0.109589
24.13388,9.74352,0.109589
24.12656,9.84325,0.109589
24.11814,9.94289,0.109589
24.10863,10.04244,0.109589
24.09803,10.14187,0.109589
24.08634,10.24119,0.109589
24.07356,10.34037,0.109589
24.05970,10.43940,0.109589
24.04476,10.53827,0.109589
24.02873,10.63698,0.109589
24.01162,10.73550,0.109589
23.99343,10.83383,0.109589
23.97416,10.93196,0.109589
23.95382,11.02987,0.109589
23.93241,11.12755,0.109589
23.90993,11.22499,0.109589
23.88639,11.32217,0.109589
23.86178,11.41910,0.109589
23.83611,11.51574,0.109589
23.80938,11.61210,0.109589
23.78160,11.70817,0.109589
23.75276,11.80392,0.109589
23.72288,11.89935,0.109589
23.69195,11.99444,0.109589
23.65999,12.08919,0.109589
23.62699,12.18359,0.109589
23.59295,12.27762,0.109589
23.55789,12.37127,0.109589
23.52180,12.46453,0.109589
23.48470,12.55739,0.109589
23.44658,12.64983,0.109589
23.40744,12.74186,0.109589
23.36730,12.83345,0.109589
23.32616,12.92459,0.109589
23.28403,13.01528,0.109589
23.24090,13.10550,0.109589
23.19678,13.19524,0.109589
23.15169,13.28449,0.109589
23.10562,13.37325,0.109589
23.05858,13.46149,0.109589
23.01057,13.54921,0.109589
22.96161,13.63640,0.109589
22.91169,13.72305,0.109589
22.86083,13.80915,0.109589
22.80903,13.89469,0.109589
22.75629,13.97965,0.109589
22.70263,14.06403,0.109589
22.64804,14.14781,0.109589
22.59254,14.23100,0.109589
22.53613,14.31357,0.109589
22.47882,14.39551,0.109589
22.42061,14.47682,0.109589
22.36152,14.55749,0.109589
22.30155,14.63751,0.109589
22.24070,14.71687,0.109589
22.17899,14.79555,0.109589
22.11642,14.87356,0.109589
22.05299,14.95087,0.109589
21.98873,15.02748,0.109589
21.92363,15.10339,0.109589
21.85770,15.17858,0.109589
21.79095,15.25303,0.109589
21.72339,15.32676,0.109589
21.65502,15.39973,0.109589
21.58586,15.47196,0.109589
21.51591,15.54342,0.109589
21.44518,15.61412,0.109589
21.37368,15.68403,0.109589
21.30143,15.75315,0.109589
21.22841,15.82148,0.109589
21.15466,15.88901,0.109589
21.08017,15.95572,0.109589
21.00495,16.02162,0.109589
20.92901,16.08668,0.109589
20.85236,16.15090,0.109589
20.77502,16.21429,0.109589
20.69698,16.27682,0.109589
20.61827,16.33849,0.109589
20.53888,16.39930,0.109589
20.45884,16.45924,0.109589
20.37814,16.51829,0.109589
20.29680,16.57646,0.109589
20.21482,16.63372,0.109589
20.13222,16.69009,0.109589
20.04901,16.74555,0.109589
19.96520,16.80009,0.109589
19.88079,16.85372,0.109589
19.79580,16.90641,0.109589
19.71024,16.95817,0.109589
19.62412,17.00899,0.109589
19.53745,17.05886,0.109589
19.45023,17.10778,0.109589
19.36248,17.15574,0.109589
19.27422,17.20274,0.109589
19.18544,17.24877,0.109589
19.09616,17.29382,0.109589
19.00640,17.33789,0.109589
18.91616,17.38097,0.109589
18.82545,17.42306,0.109589
18.73429,17.46416,0.109589
18.64268,17.50425,0.109589
18.55064,17.54334,0.109589
18.45817,17.58142,0.109589
18.36529,17.61847,0.109589
18.27201,17.65451,0.109589
18.17835,17.68953,0.109589
18.08430,17.72352,0.109589
17.98989,17.75648,0.109589
17.89512,17.78839,0.109589
17.80001,17.81927,0.109589
17.70456,17.84911,0.109589
17.60880,17.87789,0.109589
17.51272,17.90562,0.109589
17.41635,17.93230,0.109589
17.31969,17.95793,0.109589
17.22275,17.98249,0.109589
17.12555,18.00599,0.109589
17.02810,18.02842,0.109589
16.93041,18.04978,0.109589
16.83250,18.07008,0.109589
16.73436,18.08929,0.109589
16.63602,18.10743,0.109589
16.53749,18.12449,0.109589
16.43877,18.14047,0.109589
16.33989,18.15537,0.109589
16.24085,18.16918,0.109589
16.14167,18.18190,0.109589
16.04235,18.19354,0.109589
15.94291,18.20409,0.109589
15.84336,18.21355,0.109589
15.74371,18.22192,0.109589
15.64397,18.22919,0.109589
15.54417,18.23537,0.109589
15.44430,18.24046,0.109589
15.34438,18.24446,0.109589
15.24442,18.24736,0.109589
15.14444,18.24916,0.109589
15.04444,18.24986,0.109589
14.94445,18.24947,0.109589
14.84446,18.24799,0.109589
14.74449,18.24541,0.109589
14.64456,18.24173,0.109589
14.54468,18.23696,0.109589
14.44485,18.23109,0.109589
14.34510,18.22413,0.109589
14.24542,18.21608,0.109589
14.14584,18.20694,0.109589
14.04637,18.19670,0.109589
13.94701,18.18538,0.109589
13.84779,18.17297,0.109589
13.74870,18.15947,0.109589
13.64977,18.14488,0.109589
13.55101,18.12922,0.109589
13.45242,18.11247,0.109589
13.35403,18.09464,0.109589
13.25583,18.07574,0.109589
13.15785,18.05576,0.109589
13.06009,18.03470,0.109589
12.96257,18.01258,0.109589
12.86530,17.98939,0.109589
12.76829,17.96514,0.109589
12.67155,17.93982,0.109589
12.57509,17.91344,0.109589
12.47893,17.88601,0.109589
12.38307,17.85753,0.109589
12.28753,17.82800,0.109589
12.19232,17.79743,0.109589
12.09745,17.76581,0.109589
12.00293,17.73316,0.109589
11.90878,17.69946,0.109589
11.81501,17.66474,0.109589
11.72161,17.62900,0.109589
11.62862,17.59223,0.109589
11.53603,17.55445,0.109589
11.44387,17.51565,0.109589
11.35213,17.47585,0.109589
11.26084,17.43504,0.109589
11.17000,17.39324,0.109589
11.07962,17.35044,0.109589
10.98971,17.30666,0.109589
10.90030,17.26189,0.109589
10.81137,17.21614,0.109589
10.72296,17.16943,0.109589
10.63506,17.12174,0.109589
10.54769,17.07310,0.109589
10.46086,17.02350,0.109589
10.37457,16.97296,0.109589
10.28885,16.92147,0.109589
10.20370,16.86904,0.109589
10.11912,16.81569,0.109589
10.03514,16.76141,0.109589
9.95175,16.70621,0.109589
9.86897,16.65011,0.109589
9.78682,16.59310,0.109589
9.70529,16.53519,0.109589
9.62440,16.47640,0.109589
9.54417,16.41671,0.109589
9.46459,16.35616,0.109589
9.38568,16.29473,0.109589
9.30745,16.23245,0.109589
9.22990,16.16931,0.109589
9.15305,16.10533,0.109589
9.07691,16.04051,0.109589
9.00148,15.97485,0.109589
8.92678,15.90837,0.109589
8.85281,15.84108,0.109589
8.77958,15.77298,0.109589
8.70710,15.70409,0.109589
8.63538,15.63440,0.109589
8.56443,15.56394,0.109589
8.49426,15.49269,0.109589
8.42487,15.42069,0.109589
8.35627,15.34792,0.109589
8.28848,15.27442,0.109589
8.22149,15.20017,0.109589
8.15532,15.12519,0.109589
8.08998,15.04949,0.109589
8.02547,14.97308,0.109589
7.96180,14.89597,0.109589
7.89899,14.81817,0.109589
7.83703,14.73968,0.109589
7.77593,14.66052,0.109589
7.71570,14.58069,0.109589
7.65636,14.50020,0.109589
7.59789,14.41908,0.109589
7.54032,14.33731,0.109589
7.48365,14.25492,0.109589
7.42789,14.17191,0.109589
7.37303,14.08830,0.109589
7.31910,14.00410,0.109589
7.26610,13.91930,0.109589
7.21402,13.83393,0.109589
7.16289,13.74799,0.109589
7.11270,13.66150,0.109589
7.06346,13.57447,0.109589
7.01518,13.48690,0.109589
6.96785,13.39880,0.109589
6.92150,13.31020,0.109589
6.87613,13.22108,0.109589
6.83173,13.13148,0.109589
6.78832,13.04140,0.109589
6.74589,12.95084,0.109589
6.70446,12.85983,0.109589
6.66404,12.76837,0.109589
6.62461,12.67647,0.109589
6.58619,12.58414,0.109589
6.54879,12.49140,0.109589
6.51241,12.39826,0.109589
6.47705,12.30472,0.109589
6.44272,12.21080,0.109589
6.40942,12.11651,0.109589
6.37715,12.02186,0.109589
6.34593,11.92686,0.109589
6.31574,11.83153,0.109589
6.28661,11.73587,0.109589
6.25852,11.63989,0.109589
6.23148,11.54362,0.109589
6.20551,11.44705,0.109589
6.18059,11.35021,0.109589
6.15673,11.25309,0.109589
6.13395,11.15573,0.109589
6.11223,11.05812,0.109589
6.09158,10.96027,0.109589
6.07200,10.86221,0.109589
6.05350,10.76394,0.109589
6.03608,10.66547,0.109589
6.01974,10.56681,0.109589
6.00448,10.46798,0.109589
5.99031,10.36899,0.109589
5.97722,10.26986,0.109589
5.96521,10.17058,0.109589
5.95430,10.07118,0.109589
5.94447,9.97166,0.109589
5.93574,9.87205,0.109589
5.92810,9.77234,0.109589
5.92155,9.67256,0.109589
5.91609,9.57271,0.109589
5.91174,9.47280,0.109589
5.90848,9.37286,0.109589
5.90631,9.27288,0.109589
5.90523,9.17289,0.109589
5.90525,9.07289,0.109589
5.90638,8.97290,0.109589
5.90859,8.87292,0.109589
5.91190,8.77298,0.109589
5.91631,8.67308,0.109589
5.92181,8.57323,0.109589
5.92840,8.47345,0.109589
5.93608,8.37375,0.109589
5.94486,8.27413,0.109589
5.95474,8.17462,0.109589
5.96570,8.07523,0.109589
5.97774,7.97596,0.109589
5.99088,7.87682,0.109589
6.00509,7.77784,0.109589
6.02040,7.67902,0.109589
6.03679,7.58037,0.109589
6.05426,7.48191,0.109589
6.07281,7.38365,0.109589
6.09243,7.28559,0.109589
6.11312,7.18776,0.109589
6.13489,7.09016,0.109589
6.15772,6.99280,0.109589
6.18162,6.89570,0.109589
6.20658,6.79887,0.109589
6.23260,6.70231,0.109589
6.25968,6.60605,0.109589
6.28780,6.51009,0.109589
6.31699,6.41444,0.109589
6.34721,6.31912,0.109589
6.37848,6.22414,0.109589
6.41079,6.12950,0.109589
6.44414,6.03523,0.109589
6.47851,5.94132,0.109589
6.51392,5.84780,0.109589
6.55034,5.75467,0.109589
6.58778,5.66194,0.109589
6.62624,5.56964,0.109589
6.66571,5.47776,0.109589
6.70618,5.38631,0.109589
6.74765,5.29532,0.109589
6.79012,5.20478,0.109589
6.83357,5.11472,0.109589
6.87801,5.02514,0.109589
6.92343,4.93605,0.109589
6.96982,4.84746,0.109589
7.01718,4.75939,0.109589
7.06551,4.67184,0.109589
7.11478,4.58483,0.109589
7.16501,4.49836,0.109589
7.21619,4.41245,0.109589
7.26831,4.32710,0.109589
7.32135,4.24233,0.109589
7.37532,4.15815,0.109589
7.43021,4.07456,0.109589
7.48601,3.99158,0.109589
7.54272,3.90922,0.109589
7.60033,3.82748,0.109589
7.65883,3.74637,0.109589
7.71821,3.66592,0.109589
7.77848,3.58612,0.109589
7.83961,3.50698,0.109589
7.90161,3.42852,0.109589
7.96446,3.35075,0.109589
8.02817,3.27366,0.109589
8.09271,3.19728,0.109589
8.15809,3.12162,0.109589
8.22429,3.04667,0.109589
8.29131,2.97245,0.109589
8.35913,2.89897,0.109589
8.42777,2.82624,0.109589
8.49719,2.75427,0.109589
8.56740,2.68306,0.109589
8.63838,2.61262,0.109589
8.71013,2.54297,0.109589
8.78264,2.47411,0.109589
8.85590,2.40605,0.109589
8.92991,2.33879,0.109589
9.00464,2.27234,0.109589
9.08009,2.20672,0.109589
9.15627,2.14194,0.109589
9.23315,2.07799,0.109589
9.31072,2.01489,0.109589
9.38898,1.95264,0.109589
9.46792,1.89125,0.109589
9.54753,1.83073,0.109589
9.62779,1.77109,0.109589
9.70871,1.71233,0.109589
9.79026,1.65446,0.109589
9.87244,1.59748,0.109589
9.95524,1.54142,0.109589
10.03866,1.48626,0.109589
10.12267,1.43202,0.109589
10.20727,1.37870,0.109589
10.29245,1.32632,0.109589
10.37819,1.27487,0.109589
10.46450,1.22436,0.109589
10.55135,1.17480,0.109589
10.63875,1.12620,0.109589
10.72667,1.07856,0.109589
10.81511,1.03188,0.109589
10.90405,0.98617,0.109589
10.99349,0.94145,0.109589
11.08341,0.89770,0.109589
11.17381,0.85495,0.109589
11.26467,0.81319,0.109589
11.35598,0.77242,0.109589
11.44774,0.73266,0.109589
11.53992,0.69391,0.109589
11.63252,0.65617,0.109589
11.72554,0.61945,0.109589
11.81895,0.58374,0.109589
11.91274,0.54906,0.109589
12.00691,0.51541,0.109589
12.10144,0.48280,0.109589
12.19632,0.45123,0.109589
12.29155,0.42070,0.109589
12.38710,0.39121,0.109589
12.48297,0.36277,0.109589
12.57915,0.33538,0.109589
12.67562,0.30905,0.109589
12.77237,0.28378,0.109589
12.86939,0.25957,0.109589
12.96668,0.23642,0.109589
13.06421,0.21435,0.109589
13.16198,0.19334,0.109589
13.25997,0.17341,0.109589
13.35817,0.15455,0.109589
13.45658,0.13676,0.109589
13.55517,0.12006,0.109589
13.65394,0.10444,0.109589
13.75288,0.08990,0.109589
13.85197,0.07644,0.109589
13.95120,0.06408,0.109589
14.05056,0.05280,0.109589
14.15004,0.04261,0.109589
14.24962,0.03352,0.109589
14.34930,0.02551,0.109589
14.44906,0.01859,0.109589
14.54889,0.01278,0.109589
14.64878,0.00805,0.109589
14.74871,0.00442,0.109589
14.84868,0.00188,0.109589
14.94867,0.00045,0.109589
15.04867,0.00010,0.109589
15.14866,0.00085,0.109589
15.24864,0.00270,0.109589
15.34860,0.00565,0.109589
15.44852,0.00969,0.109589
15.54839,0.01482,0.109589
15.64819,0.02105,0.109589
15.74792,0.02837,0.109589
15.84757,0.03678,0.109589
15.94711,0.04629,0.109589
16.04655,0.05688,0.109589
16.14586,0.06857,0.109589
16.24504,0.08134,0.109589
16.34408,0.09520,0.109589
16.44295,0.11014,0.109589
16.54166,0.12617,0.109589
16.64018,0.14327,0.109589
16.73852,0.16146,0.109589
16.83664,0.18072,0.109589
16.93455,0.20105,0.109589
17.03223,0.22246,0.109589
17.12967,0.24493,0.109589
17.22686,0.26848,0.109589
17.32379,0.29308,0.109589
17.42044,0.31875,0.109589
17.51680,0.34548,0.109589
17.61286,0.37326,0.109589
17.70862,0.40208,0.109589
17.80405,0.43196,0.109589
17.89914,0.46289,0.109589
17.99390,0.49485,0.109589
18.08830,0.52784,0.109589
18.18233,0.56187,0.109589
18.27598,0.59694,0.109589
18.36924,0.63302,0.109589
18.46210,0.67012,0.109589
18.55455,0.70825,0.109589
18.64657,0.74737,0.109589
18.73816,0.78751,0.109589
18.82931,0.82865,0.109589
18.92000,0.87078,0.109589
19.01022,0.91390,0.109589
19.09997,0.95802,0.109589
19.18922,1.00311,0.109589
19.27798,1.04918,0.109589
19.36622,1.09621,0.109589
19.45395,1.14422,0.109589
19.54115,1.19317,0.109589
19.62779,1.24309,0.109589
19.71389,1.29395,0.109589
19.79943,1.34575,0.109589
19.88440,1.39848,0.109589
19.96878,1.45214,0.109589
20.05257,1.50673,0.109589
20.13575,1.56222,0.109589
20.21832,1.61863,0.109589
20.30027,1.67594,0.109589
20.38159,1.73414,0.109589
20.46226,1.79323,0.109589
20.54229,1.85320,0.109589
20.62164,1.91405,0.109589
20.70033,1.97576,0.109589
20.77834,2.03832,0.109589
20.85565,2.10174,0.109589
20.93227,2.16601,0.109589
21.00818,2.23110,0.109589
21.08337,2.29703,0.109589
21.15783,2.36378,0.109589
21.23155,2.43134,0.109589
21.30454,2.49970,0.109589
21.37677,2.56886,0.109589
21.44823,2.63881,0.109589
21.51893,2.70953,0.109589
21.58884,2.78103,0.109589
21.65797,2.85329,0.109589
21.72631,2.92629,0.109589
21.79383,3.00005,0.109589
21.86055,3.07454,0.109589
21.92644,3.14976,0.109589
21.99151,3.22570,0.109589
22.05574,3.30234,0.109589
22.11913,3.37968,0.109589
22.18167,3.45771,0.109589
22.24334,3.53643,0.109589
22.30415,3.61581,0.109589
22.36409,3.69586,0.109589
22.42314,3.77656,0.109589
22.48131,3.85790,0.109589
22.53859,3.93987,0.109589
22.59496,4.02247,0.109589
22.65042,4.10567,0.109589
22.70497,4.18949,0.109589
22.75859,4.27389,0.109589
22.81129,4.35888,0.109589
22.86306,4.44444,0.109589
22.91388,4.53056,0.109589
22.96376,4.61723,0.109589
23.01268,4.70445,0.109589
23.06065,4.79219,0.109589
23.10765,4.88046,0.109589
23.15368,4.96923,0.109589
23.19873,5.05851,0.109589
23.24281,5.14827,0.109589
23.28589,5.23851,0.109589
23.32799,5.32922,0.109589
23.36909,5.42038,0.109589
23.40918,5.51199,0.109589
23.44827,5.60403,0.109589
23.48635,5.69650,0.109589
23.52342,5.78937,0.109589
23.55946,5.88265,0.109589
23.59449,5.97632,0.109589
23.62847,6.07036,0.109589
23.66144,6.16477,0.109589
23.69336,6.25954,0.109589
23.72424,6.35465,0.109589
23.75407,6.45010,0.109589
23.78287,6.54586,0.109589
23.81060,6.64194,0.109589
23.83729,6.73831,0.109589
23.86291,6.83497,0.109589
23.88747,6.93191,0.109589
23.91098,7.02911,0.109589
23.93341,7.12656,0.109589
23.95478,7.22425,0.109589
23.97507,7.32216,0.109589
23.99429,7.42030,0.109589
24.01244,7.51864,0.109589
24.02950,7.61717,0.109589
24.04549,7.71588,0.109589
24.06039,7.81477,0.109589
24.07421,7.91381,0.109589
24.08694,8.01299,0.109589
24.09858,8.11231,0.109589
24.10913,8.21175,0.109589
24.11860,8.31130,0.109589
24.12697,8.41095,0.109589
24.13425,8.51069,0.109589
24.14043,8.61050,0.109589
24.14552,8.71037,0.109589
24.14952,8.81028,0.109589
24.15242,8.91024,0.109589
24.15423,9.01023,0.109589
24.15494,9.11022,0.109589
24.15455,9.21022,0.109589
24.15307,9.31021,0.109589
24.15049,9.41018,0.109589
24.14682,9.51011,0.109589
24.14206,9.60999,0.109589
24.13619,9.70982,0.109589
24.12924,9.80958,0.109589
24.12119,9.90925,0.109589
24.11205,10.00883,0.109589
24.10182,10.10831,0.109589
24.09050,10.20767,0.109589
24.07808,10.30689,0.109589
24.06459,10.40598,0.109589
24.05002,10.50491,0.109589
24.03435,10.60367,0.109589
24.01760,10.70226,0.109589
23.99978,10.80066,0.109589
23.98088,10.89885,0.109589
23.96090,10.99684,0.109589
23.93985,11.09460,0.109589
23.91773,11.19212,0.109589
23.89455,11.28940,0.109589
23.87030,11.38641,0.109589
23.84498,11.48315,0.109589
23.81861,11.57961,0.109589
23.79119,11.67578,0.109589
23.76270,11.77163,0.109589
23.73318,11.86718,0.109589
23.70260,11.96239,0.109589
23.67099,12.05726,0.109589
23.63834,12.15178,0.109589
23.60465,12.24593,0.109589
23.56993,12.33971,0.109589
23.53419,12.43310,0.109589
23.49743,12.52610,0.109589
23.45965,12.61869,0.109589
23.42086,12.71086,0.109589
23.38105,12.80259,0.109589
23.34026,12.89389,0.109589
23.29845,12.98474,0.109589
23.25566,13.07512,0.109589
23.21188,13.16502,0.109589
23.16711,13.25444,0.109589
23.12138,13.34337,0.109589
23.07466,13.43179,0.109589
23.02698,13.51969,0.109589
22.97834,13.60706,0.109589
22.92874,13.69389,0.109589
22.87820,13.78018,0.109589
22.82671,13.86591,0.109589
22.77429,13.95106,0.109589
22.72094,14.03565,0.109589
22.66666,14.11963,0.109589
22.61147,14.20302,0.109589
22.55537,14.28580,0.109589
22.49836,14.36796,0.109589
22.44045,14.44948,0.109589
22.38166,14.53037,0.109589
22.32198,14.61061,0.109589
22.26143,14.69020,0.109589
22.20001,14.76911,0.109589
22.13773,14.84735,0.109589
22.07459,14.92490,0.109589
22.01060,15.00175,0.109589
21.94579,15.07789,0.109589
21.88013,15.15332,0.109589
21.81366,15.22803,0.109589
21.74637,15.30200,0.109589
21.67827,15.37523,0.109589
21.60938,15.44772,0.109589
21.53970,15.51944,0.109589
21.46923,15.59040,0.109589
21.39799,15.66057,0.109589
21.32599,15.72996,0.109589
21.25323,15.79856,0.109589
21.17972,15.86636,0.109589
21.10548,15.93335,0.109589
21.03050,15.99953,0.109589
20.95481,16.06487,0.109589
20.87839,16.12938,0.109589
20.80129,16.19305,0.109589
20.72348,16.25587,0.109589
20.64500,16.31784,0.109589
20.56583,16.37894,0.109589
20.48601,16.43917,0.109589
20.40553,16.49852,0.109589
20.32440,16.55699,0.109589
20.24264,16.61457,0.109589
20.16025,16.67124,0.109589
20.07724,16.72700,0.109589
19.99363,16.78186,0.109589
19.90942,16.83579,0.109589
19.82463,16.88881,0.109589
19.73926,16.94089,0.109589
19.65333,16.99202,0.109589
19.56684,17.04222,0.109589
19.47980,17.09146,0.109589
19.39223,17.13974,0.109589
19.30414,17.18707,0.109589
19.21553,17.23342,0.109589
19.12642,17.27880,0.109589
19.03682,17.32321,0.109589
18.94674,17.36663,0.109589
18.85619,17.40905,0.109589
18.76517,17.45049,0.109589
18.67371,17.49092,0.109589
18.58182,17.53035,0.109589
18.48949,17.56877,0.109589
18.39675,17.60617,0.109589
18.30360,17.64256,0.109589
18.21006,17.67792,0.109589
18.11615,17.71226,0.109589
18.02186,17.74557,0.109589
17.92720,17.77783,0.109589
17.83221,17.80906,0.109589
17.73687,17.83925,0.109589
17.64121,17.86839,0.109589
17.54524,17.89648,0.109589
17.44896,17.92352,0.109589
17.35240,17.94950,0.109589
17.25555,17.97442,0.109589
17.15844,17.99828,0.109589
17.06107,18.02107,0.109589
16.96346,18.04279,0.109589
16.86562,18.06345,0.109589
16.76755,18.08303,0.109589
16.66928,18.10153,0.109589
16.57081,18.11896,0.109589
16.47216,18.13530,0.109589
16.37333,18.15057,0.109589
16.27434,18.16475,0.109589
16.17520,18.17784,0.109589
16.07592,18.18984,0.109589
15.97652,18.20076,0.109589
15.87700,18.21059,0.109589
15.77739,18.21933,0.109589
15.67768,18.22697,0.109589
15.57789,18.23352,0.109589
15.47804,18.23898,0.109589
15.37814,18.24335,0.109589
15.27819,18.24661,0.109589
15.17822,18.24879,0.109589
15.07822,18.24986,0.109589
14.97822,18.24984,0.109589
14.87823,18.24873,0.109589
14.77825,18.24652,0.109589
14.67831,18.24321,0.109589
14.57841,18.23881,0.109589
14.47856,18.23331,0.109589
14.37877,18.22672,0.109589
14.27907,18.21904,0.109589
14.17946,18.21026,0.109589
14.07994,18.20040,0.109589
13.98055,18.18944,0.109589
13.88127,18.17740,0.109589
13.78214,18.16427,0.109589
13.68316,18.15005,0.109589
13.58433,18.13475,0.109589
13.48568,18.11837,0.109589
13.38722,18.10090,0.109589
13.28895,18.08236,0.109589
13.19090,18.06275,0.109589
13.09306,18.04205,0.109589
12.99546,18.02029,0.109589
12.89810,17.99746,0.109589
12.80100,17.97357,0.109589
12.70416,17.94861,0.109589
12.60761,17.92259,0.109589
12.51134,17.89551,0.109589
12.41538,17.86739,0.109589
12.31973,17.83821,0.109589
12.22440,17.80799,0.109589
12.12942,17.77672,0.109589
12.03478,17.74442,0.109589
11.94050,17.71108,0.109589
11.84660,17.67670,0.109589
11.75307,17.64130,0.109589
11.65994,17.60487,0.109589
11.56721,17.56744,0.109589
11.47490,17.52898,0.109589
11.38302,17.48951,0.109589
11.29158,17.44905,0.109589
11.20058,17.40758,0.109589
11.11004,17.36512,0.109589
11.01998,17.32166,0.109589
10.93039,17.27722,0.109589
10.84130,17.23181,0.109589
10.75271,17.18542,0.109589
10.66464,17.13806,0.109589
10.57709,17.08974,0.109589
10.49007,17.04046,0.109589
10.40360,16.99024,0.109589
10.31768,16.93907,0.109589
10.23233,16.88696,0.109589
10.14756,16.83391,0.109589
10.06338,16.77994,0.109589
9.97979,16.72505,0.109589
9.89680,16.66925,0.109589
9.81443,16.61255,0.109589
9.73269,16.55495,0.109589
9.65159,16.49644,0.109589
9.57113,16.43706,0.109589
9.49133,16.37679,0.109589
9.41219,16.31567,0.109589
9.33373,16.25367,0.109589
9.25595,16.19082,0.109589
9.17887,16.12711,0.109589
9.10248,16.06258,0.109589
9.02681,15.99720,0.109589
8.95186,15.93100,0.109589
8.87764,15.86398,0.109589
8.80416,15.79615,0.109589
8.73143,15.72752,0.109589
8.65945,15.65810,0.109589
8.58823,15.58790,0.109589
8.51780,15.51691,0.109589
8.44814,15.44517,0.109589
8.37928,15.37266,0.109589
8.31121,15.29940,0.109589
8.24395,15.22540,0.109589
8.17750,15.15067,0.109589
8.11188,15.07521,0.109589
8.04709,14.99904,0.109589
7.98314,14.92216,0.109589
7.92003,14.84459,0.109589
7.85778,14.76633,0.109589
7.79639,14.68739,0.109589
7.73587,14.60778,0.109589
7.67622,14.52752,0.109589
7.61746,14.44661,0.109589
7.55959,14.36506,0.109589
7.50261,14.28288,0.109589
7.44654,14.20007,0.109589
7.39138,14.11666,0.109589
7.33713,14.03266,0.109589
7.28382,13.94806,0.109589
7.23142,13.86288,0.109589
7.17997,13.77713,0.109589
7.12946,13.69082,0.109589
7.07990,13.60397,0.109589
7.03130,13.51658,0.109589
6.98365,13.42866,0.109589
6.93697,13.34023,0.109589
6.89126,13.25128,0.109589
6.84653,13.16184,0.109589
6.80279,13.07192,0.109589
6.76003,12.98152,0.109589
6.71826,12.89066,0.109589
6.67750,12.79935,0.109589
6.63773,12.70760,0.109589
6.59897,12.61541,0.109589
6.56123,12.52281,0.109589
6.52450,12.42980,0.109589
6.48880,12.33639,0.109589
6.45412,12.24259,0.109589
6.42047,12.14843,0.109589
6.38785,12.05390,0.109589
6.35628,11.95901,0.109589
6.32573,11.86379,0.109589
6.29625,11.76824,0.109589
6.26780,11.67237,0.109589
6.24041,11.57619,0.109589
6.21408,11.47972,0.109589
6.18880,11.38297,0.109589
6.16459,11.28595,0.109589
6.14145,11.18866,0.109589
6.11936,11.09113,0.109589
6.09836,10.99336,0.109589
6.07842,10.89537,0.109589
6.05955,10.79717,0.109589
6.04177,10.69876,0.109589
6.02506,10.60017,0.109589
6.00943,10.50140,0.109589
5.99490,10.40246,0.109589
5.98144,10.30337,0.109589
5.96906,10.20414,0.109589
5.95778,10.10478,0.109589
5.94759,10.00530,0.109589
5.93849,9.90571,0.109589
5.93048,9.80603,0.109589
5.92356,9.70627,0.109589
5.91774,9.60644,0.109589
5.91301,9.50656,0.109589
5.90938,9.40662,0.109589
5.90684,9.30666,0.109589
5.90540,9.20667,0.109589
5.90505,9.10667,0.109589
5.90580,9.00667,0.109589
5.90765,8.90669,0.109589
5.91058,8.80673,0.109589
5.91463,8.70681,0.109589
5.91976,8.60695,0.109589
5.92598,8.50714,0.109589
5.93330,8.40741,0.109589
5.94170,8.30776,0.109589
5.95121,8.20822,0.109589
5.96180,8.10878,0.109589
5.97348,8.00946,0.109589
5.98625,7.91028,0.109589
6.00010,7.81125,0.109589
6.01504,7.71237,0.109589
6.03107,7.61366,0.109589
6.04817,7.51514,0.109589
6.06636,7.41680,0.109589
6.08561,7.31868,0.109589
6.10595,7.22077,0.109589
6.12735,7.12308,0.109589
6.14982,7.02564,0.109589
6.17336,6.92845,0.109589
6.19797,6.83153,0.109589
6.22363,6.73488,0.109589
6.25035,6.63851,0.109589
6.27812,6.54245,0.109589
6.30696,6.44669,0.109589
6.33682,6.35126,0.109589
6.36775,6.25616,0.109589
6.39970,6.16141,0.109589
6.43270,6.06701,0.109589
6.46673,5.97297,0.109589
6.50179,5.87932,0.109589
6.53787,5.78606,0.109589
6.57497,5.69320,0.109589
6.61309,5.60075,0.109589
6.65222,5.50872,0.109589
6.69234,5.41713,0.109589
6.73348,5.32598,0.109589
6.77561,5.23529,0.109589
6.81873,5.14506,0.109589
6.86284,5.05532,0.109589
6.90793,4.96606,0.109589
6.95400,4.87730,0.109589
7.00103,4.78906,0.109589
7.04903,4.70133,0.109589
7.09799,4.61413,0.109589
7.14789,4.52748,0.109589
7.19875,4.44138,0.109589
7.25055,4.35584,0.109589
7.30328,4.27087,0.109589
7.35694,4.18649,0.109589
7.41152,4.10270,0.109589
7.46702,4.01951,0.109589
7.52342,3.93694,0.109589
7.58073,3.85499,0.109589
7.63893,3.77367,0.109589
7.69801,3.69299,0.109589
7.75799,3.61297,0.109589
7.81883,3.53361,0.109589
7.88053,3.45492,0.109589
7.94310,3.37691,0.109589
8.00652,3.29959,0.109589
8.07078,3.22297,0.109589
8.13588,3.14706,0.109589
8.20180,3.07187,0.109589
8.26855,2.99741,0.109589
8.33610,2.92367,0.109589
8.40446,2.85069,0.109589
8.47362,2.77846,0.109589
8.54356,2.70699,0.109589
8.61428,2.63630,0.109589
8.68578,2.56638,0.109589
8.75803,2.49725,0.109589
8.83105,2.42892,0.109589
8.90480,2.36139,0.109589
8.97929,2.29466,0.109589
9.05450,2.22876,0.109589
9.13043,2.16370,0.109589
9.20707,2.09946,0.109589
9.28442,2.03607,0.109589
9.36245,1.97354,0.109589
9.44116,1.91186,0.109589
9.52054,1.85104,0.109589
9.60059,1.79110,0.109589
9.68128,1.73204,0.109589
9.76262,1.67388,0.109589
9.84459,1.61660,0.109589
9.92719,1.56022,0.109589
10.01039,1.50476,0.109589
10.09420,1.45021,0.109589
10.17861,1.39658,0.109589
10.26359,1.34388,0.109589
10.34915,1.29211,0.109589
10.43527,1.24129,0.109589
10.52194,1.19140,0.109589
10.60916,1.14248,0.109589
10.69690,1.09451,0.109589
10.78516,1.04751,0.109589
10.87394,1.00148,0.109589
10.96321,0.95642,0.109589
11.05297,0.91234,0.109589
11.14321,0.86925,0.109589
11.23392,0.82715,0.109589
11.32508,0.78605,0.109589
11.41668,0.74595,0.109589
11.50873,0.70686,0.109589
11.60119,0.66877,0.109589
11.69407,0.63171,0.109589
11.78734,0.59566,0.109589
11.88101,0.56063,0.109589
11.97505,0.52664,0.109589
12.06946,0.49368,0.109589
12.16423,0.46176,0.109589
12.25934,0.43087,0.109589
12.35478,0.40103,0.109589
12.45055,0.37224,0.109589
12.54662,0.34449,0.109589
12.64299,0.31781,0.109589
12.73965,0.29218,0.109589
12.83659,0.26761,0.109589
12.93378,0.24410,0.109589
13.03123,0.22166,0.109589
13.12892,0.20030,0.109589
13.22684,0.18000,0.109589
13.32497,0.16078,0.109589
13.42331,0.14263,0.109589
13.52185,0.12557,0.109589
13.62056,0.10957,0.109589
13.71944,0.09467,0.109589
13.81848,0.08085,0.109589
13.91767,0.06812,0.109589
14.01698,0.05647,0.109589
14.11642,0.04592,0.109589
14.21597,0.03645,0.109589
14.31562,0.02808,0.109589
14.41536,0.02079,0.109589
14.51516,0.01460,0.109589
14.61503,0.00951,0.109589
14.71495,0.00551,0.109589
14.81491,0.00260,0.109589
14.91489,0.00080,0.109589
15.01489,0.00008,0.109589
15.11489,0.00000,0.109589
15.21489,0.00000,0.000000
15.31489,0.00000,0.000000
15.41489,0.00000,0.000000
15.51489,0.00000,0.000000
15.61489,0.00000,0.000000
15.71489,0.00000,0.000000
15.81489,0.00000,0.000000
15.91489,0.00000,0.000000
16.01489,0.00000,0.000000
16.11489,0.00000,0.000000
16.21489,0.00000,0.000000
16.31489,0.00000,0.000000
16.41489,0.00000,0.000000
16.51489,0.00000,0.000000
16.61489,0.00000,0.000000
16.71489,0.00000,0.000000
16.81489,0.00000,0.000000
16.91489,0.00000,0.000000
17.01489,0.00000,0.000000
17.11489,0.00000,0.000000
17.21489,0.00000,0.000000
17.31489,0.00000,0.000000
17.41489,0.00000,0.000000
17.51489,0.00000,0.000000
17.61489,0.00000,0.000000
17.71489,0.00000,0.000000
17.81489,0.00000,0.000000
17.91489,0.00000,0.000000
18.01489,0.00000,0.000000
18.11489,0.00000,0.000000
18.21489,0.00000,0.000000
18.31489,0.00000,0.000000
18.41489,0.00000,0.000000
18.51489,0.00000,0.000000
18.61489,0.00000,0.000000
18.71489,0.00000,0.000000
18.81489,0.00000,0.000000
18.91489,0.00000,0.000000
19.01489,0.00000,0.000000
19.11489,0.00000,0.000000
19.21489,0.00000,0.000000
19.31489,0.00000,0.000000
19.41489,0.00000,0.000000
19.51489,0.00000,0.000000
19.61489,0.00000,0.000000
19.71489,0.00000,0.000000
19.81489,0.00000,0.000000
19.91489,0.00000,0.000000
20.01489,0.00000,0.000000
20.11489,0.00000,0.000000
20.21489,0.00000,0.000000
20.31489,0.00000,0.000000
20.41489,0.00000,0.000000
20.51489,0.00000,0.000000
20.61489,0.00000,0.000000
20.71489,0.00000,0.000000
20.81489,0.00000,0.000000
20.91489,0.00000,0.000000
21.01489,0.00000,0.000000
21.11489,0.00000,0.000000
21.21489,0.00000,0.000000
21.31489,0.00000,0.000000
21.41489,0.00000,0.000000
21.51489,0.00000,0.000000
21.61489,0.00000,0.000000
21.71489,0.00000,0.000000
21.81489,0.00000,0.000000
21.91489,0.00000,0.000000
22.01489,0.00000,0.000000
22.11489,0.00000,0.000000
22.21489,0.00000,0.000000
22.31489,0.00000,0.000000
22.41489,0.00000,0.000000
22.51489,0.00000,0.000000
22.61489,0.00000,0.000000
22.71489,0.00000,0.000000
22.81489,0.00000,0.000000
22.91489,0.00000,0.000000
23.01489,0.00000,0.000000
23.11489,0.00000,0.000000
23.21489,0.00000,0.000000
23.31489,0.00000,0.000000
23.41489,0.00000,0.000000
23.51489,0.00000,0.000000
23.61489,0.00000,0.000000
23.71489,0.00000,0.000000
23.81489,0.00000,0.000000
23.91489,0.00000,0.000000
24.01489,0.00000,0.000000
24.11489,0.00000,0.000000
24.21489,0.00000,0.000000
24.31489,0.00000,0.000000
24.41489,0.00000,0.000000
24.51489,0.00000,0.000000
24.61489,0.00000,0.000000
24.71489,0.00000,0.000000
24.81489,0.00000,0.000000
24.91489,0.00000,0.000000
25.01489,0.00000,0.000000
25.11489,0.00000,0.000000
25.21489,0.00000,0.000000
25.31489,0.00000,0.000000
25.41489,0.00000,0.000000
25.51489,0.00000,0.000000
25.61489,0.00000,0.000000
25.71489,0.00000,0.000000
25.81489,0.00000,0.000000
25.91489,0.00000,0.000000
26.01489,0.00000,0.000000
26.11489,0.00000,0.000000
26.21489,0.00000,0.000000
26.31489,0.00000,0.000000
26.41489,0.00000,0.000000
26.51489,0.00000,0.000000
26.61489,0.00000,0.000000
26.71489,0.00000,0.000000
26.81489,0.00000,0.000000
26.91489,0.00000,0.000000
27.01489,0.00000,0.000000
27.11489,0.00000,0.000000
27.21489,0.00000,0.000000
27.31489,0.00000,0.000000
27.41489,0.00000,0.000000
27.51489,0.00000,0.000000
27.61489,0.00000,0.000000
27.71489,0.00000,0.000000
27.81489,0.00000,0.000000
27.91489,0.00000,0.000000
28.01489,0.00000,0.000000
28.11489,0.00000,0.000000
28.21489,0.00000,0.000000
28.31489,0.00000,0.000000
28.41489,0.00000,0.000000
28.51489,0.00000,0.000000
28.61489,0.00000,0.000000
28.71489,0.00000,0.000000
28.81489,0.00000,0.000000
28.91489,0.00000,0.000000
29.01489,0.00000,0.000000
29.11489,0.00000,0.000000
29.21489,0.00000,0.000000
29.31489,0.00000,0.000000
29.41489,0.00000,0.000000
29.51489,0.00000,0.000000
29.61489,0.00000,0.000000
29.71489,0.00000,0.000000
29.81489,0.00000,0.000000
29.91489,0.00000,0.000000
30.01489,0.00000,0.000000
30.11489,0.00000,0.000000
30.21489,0.00000,0.000000
30.31489,0.00000,0.000000
30.41489,0.00000,0.000000
30.51489,0.00000,0.000000
30.61489,0.00000,0.000000
30.71489,0.00000,0.000000
30.81489,0.00000,0.000000
30.91489,0.00000,0.000000
31.01489,0.00000,0.000000
31.11489,0.00000,0.000000
31.21489,0.00000,0.000000
31.31489,0.00000,0.000000
31.41489,0.00000,0.000000
31.51489,0.00000,0.000000
31.61489,0.00000,0.000000
31.71489,0.00000,0.000000
31.81489,0.00000,0.000000
31.91489,0.00000,0.000000
32.01489,0.00000,0.000000
32.11489,0.00000,0.000000
32.21489,0.00000,0.000000
32.31489,0.00000,0.000000
32.41489,0.00000,0.000000
32.51489,0.00000,0.000000
32.61489,0.00000,0.000000
32.71489,0.00000,0.000000
32.81489,0.00000,0.000000
32.91489,0.00000,0.000000
33.01489,0.00000,0.000000
33.11489,0.00000,0.000000
33.21489,0.00000,0.000000
33.31489,0.00000,0.000000
33.41489,0.00000,0.000000
33.51489,0.00000,0.000000
33.61489,0.00000,0.000000
33.71489,0.00000,0.000000
33.81489,0.00000,0.000000
33.91489,0.00000,0.000000
34.01489,0.00000,0.000000
34.11489,0.00000,0.000000
34.21489,0.00000,0.000000
34.31489,0.00000,0.000000
34.41489,0.00000,0.000000
34.51489,0.00000,0.000000
34.61489,0.00000,0.000000
34.71489,0.00000,0.000000
34.81489,0.00000,0.000000
34.91489,0.00000,0.000000
35.01489,0.00000,0.000000
35.11489,0.00000,0.000000
35.21489,0.00000,0.000000
35.31489,0.00000,0.000000
35.41489,0.00000,0.000000
35.51489,0.00000,0.000000
35.61489,0.00000,0.000000
35.71489,0.00000,0.000000
35.81489,0.00000,0.000000
35.91489,0.00000,0.000000
36.01489,0.00000,0.000000
